count_point_id,direction_of_travel,year,count_date,hour,region_id,region_name,local_authority_id,local_authority_name,road_name,road_type,start_junction_road_name,end_junction_road_name,easting,northing,latitude,longitude,link_length_km,link_length_miles,pedal_cycles,two_wheeled_motor_vehicles,cars_and_taxis,buses_and_coaches,lgvs,hgvs_2_rigid_axle,hgvs_3_rigid_axle,hgvs_4_or_more_rigid_axle,hgvs_3_or_4_articulated_axle,hgvs_5_articulated_axle,hgvs_6_articulated_axle,all_hgvs,all_motor_vehicles
6363,N,2000,2000-06-05,7,9,"South East",142,Oxfordshire,A34,Major,A415,A4183,450120,200000,51.69651983,-1.27623531,4.60,2.86,0,20,1833,6,349,77,10,25,33,70,48,263,2471
6363,N,2000,2000-06-05,8,9,"South East",142,Oxfordshire,A34,Major,A415,A4183,450120,200000,51.69651983,-1.27623531,4.60,2.86,0,13,1863,9,209,66,9,15,23,64,34,211,2305
6363,N,2000,2000-06-05,9,9,"South East",142,Oxfordshire,A34,Major,A415,A4183,450120,200000,51.69651983,-1.27623531,4.60,2.86,0,3,1251,11,213,79,10,14,35,75,40,253,1731
6363,N,2000,2000-06-05,10,9,"South East",142,Oxfordshire,A34,Major,A415,A4183,450120,200000,51.69651983,-1.27623531,4.60,2.86,0,4,1169,16,210,81,4,14,49,78,44,270,1669
6363,N,2000,2000-06-05,11,9,"South East",142,Oxfordshire,A34,Major,A415,A4183,450120,200000,51.69651983,-1.27623531,4.60,2.86,0,6,1143,4,235,106,12,10,43,74,38,283,1671
6363,N,2000,2000-06-05,12,9,"South East",142,Oxfordshire,A34,Major,A415,A4183,450120,200000,51.69651983,-1.27623531,4.60,2.86,0,5,1061,8,192,81,7,10,48,82,33,261,1527
6363,N,2000,2000-06-05,13,9,"South East",142,Oxfordshire,A34,Major,A415,A4183,450120,200000,51.69651983,-1.27623531,4.60,2.86,0,13,1079,3,201,90,9,10,46,82,46,283,1579
6363,N,2000,2000-06-05,14,9,"South East",142,Oxfordshire,A34,Major,A415,A4183,450120,200000,51.69651983,-1.27623531,4.60,2.86,0,13,1122,5,230,106,6,13,23,88,40,276,1646
6363,N,2000,2000-06-05,15,9,"South East",142,Oxfordshire,A34,Major,A415,A4183,450120,200000,51.69651983,-1.27623531,4.60,2.86,0,6,1130,7,252,76,9,11,42,81,40,259,1654
6363,N,2000,2000-06-05,16,9,"South East",142,Oxfordshire,A34,Major,A415,A4183,450120,200000,51.69651983,-1.27623531,4.60,2.86,0,14,1334,9,241,74,3,5,20,79,48,229,1827
6363,N,2000,2000-06-05,17,9,"South East",142,Oxfordshire,A34,Major,A415,A4183,450120,200000,51.69651983,-1.27623531,4.60,2.86,0,20,1875,8,186,51,3,3,27,48,48,180,2269
6363,N,2000,2000-06-05,18,9,"South East",142,Oxfordshire,A34,Major,A415,A4183,450120,200000,51.69651983,-1.27623531,4.60,2.86,0,22,1604,13,100,39,2,3,35,67,31,177,1916
6363,S,2000,2000-06-05,7,9,"South East",142,Oxfordshire,A34,Major,A415,A4183,450120,200000,51.69651983,-1.27623531,4.60,2.86,0,12,2343,16,352,110,13,12,23,79,47,284,3007
6363,S,2000,2000-06-05,8,9,"South East",142,Oxfordshire,A34,Major,A415,A4183,450120,200000,51.69651983,-1.27623531,4.60,2.86,0,20,2326,11,285,116,14,12,35,66,64,307,2949
6363,S,2000,2000-06-05,9,9,"South East",142,Oxfordshire,A34,Major,A415,A4183,450120,200000,51.69651983,-1.27623531,4.60,2.86,0,7,1268,8,195,98,13,11,34,58,52,266,1744
6363,S,2000,2000-06-05,10,9,"South East",142,Oxfordshire,A34,Major,A415,A4183,450120,200000,51.69651983,-1.27623531,4.60,2.86,0,1,1321,19,232,101,12,20,40,91,34,298,1871
6363,S,2000,2000-06-05,11,9,"South East",142,Oxfordshire,A34,Major,A415,A4183,450120,200000,51.69651983,-1.27623531,4.60,2.86,0,5,1176,11,210,81,10,8,42,95,31,267,1669
6363,S,2000,2000-06-05,12,9,"South East",142,Oxfordshire,A34,Major,A415,A4183,450120,200000,51.69651983,-1.27623531,4.60,2.86,0,6,1132,17,201,92,11,21,39,58,69,290,1646
6363,S,2000,2000-06-05,13,9,"South East",142,Oxfordshire,A34,Major,A415,A4183,450120,200000,51.69651983,-1.27623531,4.60,2.86,0,6,983,29,178,66,8,7,31,57,47,216,1412
6363,S,2000,2000-06-05,14,9,"South East",142,Oxfordshire,A34,Major,A415,A4183,450120,200000,51.69651983,-1.27623531,4.60,2.86,0,12,1035,7,192,112,11,4,35,74,56,292,1538
6363,S,2000,2000-06-05,15,9,"South East",142,Oxfordshire,A34,Major,A415,A4183,450120,200000,51.69651983,-1.27623531,4.60,2.86,0,14,1463,9,200,99,12,12,23,98,60,304,1990
6363,S,2000,2000-06-05,16,9,"South East",142,Oxfordshire,A34,Major,A415,A4183,450120,200000,51.69651983,-1.27623531,4.60,2.86,1,13,1604,6,247,66,11,3,30,63,47,220,2090
6363,S,2000,2000-06-05,17,9,"South East",142,Oxfordshire,A34,Major,A415,A4183,450120,200000,51.69651983,-1.27623531,4.60,2.86,0,23,1693,8,203,60,1,2,21,80,55,219,2146
6363,S,2000,2000-06-05,18,9,"South East",142,Oxfordshire,A34,Major,A415,A4183,450120,200000,51.69651983,-1.27623531,4.60,2.86,0,22,1500,6,116,41,2,0,15,61,37,156,1800
6363,N,2001,2001-09-17,7,9,"South East",142,Oxfordshire,A34,Major,A415,A4183,450120,200000,51.69651983,-1.27623531,4.60,2.86,0,43,1743,6,284,99,6,6,15,59,69,254,2330
6363,N,2001,2001-09-17,8,9,"South East",142,Oxfordshire,A34,Major,A415,A4183,450120,200000,51.69651983,-1.27623531,4.60,2.86,0,18,1797,7,169,86,6,6,23,67,45,233,2224
6363,N,2001,2001-09-17,9,9,"South East",142,Oxfordshire,A34,Major,A415,A4183,450120,200000,51.69651983,-1.27623531,4.60,2.86,0,11,1444,6,192,86,6,4,23,87,45,251,1904
6363,N,2001,2001-09-17,10,9,"South East",142,Oxfordshire,A34,Major,A415,A4183,450120,200000,51.69651983,-1.27623531,4.60,2.86,0,11,1205,4,190,116,6,7,17,74,41,261,1671
6363,N,2001,2001-09-17,11,9,"South East",142,Oxfordshire,A34,Major,A415,A4183,450120,200000,51.69651983,-1.27623531,4.60,2.86,0,7,1163,10,215,122,14,5,49,89,46,325,1720
6363,N,2001,2001-09-17,12,9,"South East",142,Oxfordshire,A34,Major,A415,A4183,450120,200000,51.69651983,-1.27623531,4.60,2.86,0,8,1082,11,168,94,16,4,30,83,47,274,1543
6363,N,2001,2001-09-17,13,9,"South East",142,Oxfordshire,A34,Major,A415,A4183,450120,200000,51.69651983,-1.27623531,4.60,2.86,0,4,970,3,159,95,12,12,35,76,62,292,1428
6363,N,2001,2001-09-17,14,9,"South East",142,Oxfordshire,A34,Major,A415,A4183,450120,200000,51.69651983,-1.27623531,4.60,2.86,0,12,1114,11,225,128,8,9,26,97,50,318,1680
6363,N,2001,2001-09-17,15,9,"South East",142,Oxfordshire,A34,Major,A415,A4183,450120,200000,51.69651983,-1.27623531,4.60,2.86,0,7,1183,6,259,94,5,8,43,76,85,311,1766
6363,N,2001,2001-09-17,16,9,"South East",142,Oxfordshire,A34,Major,A415,A4183,450120,200000,51.69651983,-1.27623531,4.60,2.86,1,6,1395,14,249,93,0,2,26,73,91,285,1949
6363,N,2001,2001-09-17,17,9,"South East",142,Oxfordshire,A34,Major,A415,A4183,450120,200000,51.69651983,-1.27623531,4.60,2.86,0,15,1976,8,194,54,5,4,22,83,69,237,2430
6363,N,2001,2001-09-17,18,9,"South East",142,Oxfordshire,A34,Major,A415,A4183,450120,200000,51.69651983,-1.27623531,4.60,2.86,0,11,1550,3,108,43,2,0,29,58,58,190,1862
6363,S,2001,2001-09-17,7,9,"South East",142,Oxfordshire,A34,Major,A415,A4183,450120,200000,51.69651983,-1.27623531,4.60,2.86,1,10,1821,6,327,99,20,11,29,62,67,288,2452
6363,S,2001,2001-09-17,8,9,"South East",142,Oxfordshire,A34,Major,A415,A4183,450120,200000,51.69651983,-1.27623531,4.60,2.86,0,20,1980,2,255,74,14,15,14,64,33,214,2471
6363,S,2001,2001-09-17,9,9,"South East",142,Oxfordshire,A34,Major,A415,A4183,450120,200000,51.69651983,-1.27623531,4.60,2.86,0,12,1572,10,263,117,14,4,27,90,40,292,2149
6363,S,2001,2001-09-17,10,9,"South East",142,Oxfordshire,A34,Major,A415,A4183,450120,200000,51.69651983,-1.27623531,4.60,2.86,0,10,1341,5,252,115,10,9,21,109,53,317,1925
6363,S,2001,2001-09-17,11,9,"South East",142,Oxfordshire,A34,Major,A415,A4183,450120,200000,51.69651983,-1.27623531,4.60,2.86,0,7,1145,16,185,93,24,24,32,81,67,321,1674
6363,S,2001,2001-09-17,12,9,"South East",142,Oxfordshire,A34,Major,A415,A4183,450120,200000,51.69651983,-1.27623531,4.60,2.86,0,8,1090,18,181,83,16,3,34,75,57,268,1565
6363,S,2001,2001-09-17,13,9,"South East",142,Oxfordshire,A34,Major,A415,A4183,450120,200000,51.69651983,-1.27623531,4.60,2.86,0,5,1104,11,233,83,17,15,28,87,50,280,1633
6363,S,2001,2001-09-17,14,9,"South East",142,Oxfordshire,A34,Major,A415,A4183,450120,200000,51.69651983,-1.27623531,4.60,2.86,0,10,1144,12,218,78,15,17,17,90,75,292,1676
6363,S,2001,2001-09-17,15,9,"South East",142,Oxfordshire,A34,Major,A415,A4183,450120,200000,51.69651983,-1.27623531,4.60,2.86,0,4,1189,16,252,79,7,12,30,86,67,281,1742
6363,S,2001,2001-09-17,16,9,"South East",142,Oxfordshire,A34,Major,A415,A4183,450120,200000,51.69651983,-1.27623531,4.60,2.86,0,8,1565,4,238,91,8,7,20,86,68,280,2095
6363,S,2001,2001-09-17,17,9,"South East",142,Oxfordshire,A34,Major,A415,A4183,450120,200000,51.69651983,-1.27623531,4.60,2.86,0,18,1736,10,171,55,7,10,15,62,59,208,2143
6363,S,2001,2001-09-17,18,9,"South East",142,Oxfordshire,A34,Major,A415,A4183,450120,200000,51.69651983,-1.27623531,4.60,2.86,0,8,1463,8,106,42,4,14,13,60,66,199,1784
6363,N,2002,2002-04-12,7,9,"South East",142,Oxfordshire,A34,Major,A415,A4183,450120,200000,51.69651983,-1.27623531,4.60,2.86,0,15,1467,3,317,100,9,20,15,145,56,345,2147
6363,N,2002,2002-04-12,8,9,"South East",142,Oxfordshire,A34,Major,A415,A4183,450120,200000,51.69651983,-1.27623531,4.60,2.86,0,12,1708,6,221,117,7,8,20,98,50,300,2247
6363,N,2002,2002-04-12,9,9,"South East",142,Oxfordshire,A34,Major,A415,A4183,450120,200000,51.69651983,-1.27623531,4.60,2.86,0,10,1360,5,212,101,7,15,21,112,30,286,1873
6363,N,2002,2002-04-12,10,9,"South East",142,Oxfordshire,A34,Major,A415,A4183,450120,200000,51.69651983,-1.27623531,4.60,2.86,0,10,1272,16,231,123,14,25,13,128,11,314,1843
6363,N,2002,2002-04-12,11,9,"South East",142,Oxfordshire,A34,Major,A415,A4183,450120,200000,51.69651983,-1.27623531,4.60,2.86,0,22,1366,40,272,140,7,12,18,83,85,345,2045
6363,N,2002,2002-04-12,12,9,"South East",142,Oxfordshire,A34,Major,A415,A4183,450120,200000,51.69651983,-1.27623531,4.60,2.86,0,24,1590,13,174,119,18,15,19,112,68,351,2152
6363,N,2002,2002-04-12,13,9,"South East",142,Oxfordshire,A34,Major,A415,A4183,450120,200000,51.69651983,-1.27623531,4.60,2.86,0,22,1551,17,270,121,11,13,34,96,33,308,2168
6363,N,2002,2002-04-12,14,9,"South East",142,Oxfordshire,A34,Major,A415,A4183,450120,200000,51.69651983,-1.27623531,4.60,2.86,0,12,1650,11,242,88,11,8,21,116,31,275,2190
6363,N,2002,2002-04-12,15,9,"South East",142,Oxfordshire,A34,Major,A415,A4183,450120,200000,51.69651983,-1.27623531,4.60,2.86,1,16,1783,5,239,96,9,20,6,103,15,249,2292
6363,N,2002,2002-04-12,16,9,"South East",142,Oxfordshire,A34,Major,A415,A4183,450120,200000,51.69651983,-1.27623531,4.60,2.86,0,20,2274,11,218,75,5,15,17,86,15,213,2736
6363,N,2002,2002-04-12,17,9,"South East",142,Oxfordshire,A34,Major,A415,A4183,450120,200000,51.69651983,-1.27623531,4.60,2.86,0,24,2188,5,130,39,0,7,16,61,35,158,2505
6363,N,2002,2002-04-12,18,9,"South East",142,Oxfordshire,A34,Major,A415,A4183,450120,200000,51.69651983,-1.27623531,4.60,2.86,0,12,1797,3,104,52,10,18,8,49,19,156,2072
6363,S,2002,2002-04-12,7,9,"South East",142,Oxfordshire,A34,Major,A415,A4183,450120,200000,51.69651983,-1.27623531,4.60,2.86,1,9,1486,10,308,96,15,5,37,95,69,317,2130
6363,S,2002,2002-04-12,8,9,"South East",142,Oxfordshire,A34,Major,A415,A4183,450120,200000,51.69651983,-1.27623531,4.60,2.86,0,21,1767,4,176,73,16,9,19,60,58,235,2203
6363,S,2002,2002-04-12,9,9,"South East",142,Oxfordshire,A34,Major,A415,A4183,450120,200000,51.69651983,-1.27623531,4.60,2.86,0,6,1128,8,176,93,7,8,22,100,25,255,1573
6363,S,2002,2002-04-12,10,9,"South East",142,Oxfordshire,A34,Major,A415,A4183,450120,200000,51.69651983,-1.27623531,4.60,2.86,0,9,1014,5,191,98,7,4,21,112,15,257,1476
6363,S,2002,2002-04-12,11,9,"South East",142,Oxfordshire,A34,Major,A415,A4183,450120,200000,51.69651983,-1.27623531,4.60,2.86,0,6,1183,10,178,154,14,29,25,91,25,338,1715
6363,S,2002,2002-04-12,12,9,"South East",142,Oxfordshire,A34,Major,A415,A4183,450120,200000,51.69651983,-1.27623531,4.60,2.86,0,7,1280,4,198,92,7,30,5,104,42,280,1769
6363,S,2002,2002-04-12,13,9,"South East",142,Oxfordshire,A34,Major,A415,A4183,450120,200000,51.69651983,-1.27623531,4.60,2.86,0,8,1381,9,242,69,17,5,28,82,42,243,1883
6363,S,2002,2002-04-12,14,9,"South East",142,Oxfordshire,A34,Major,A415,A4183,450120,200000,51.69651983,-1.27623531,4.60,2.86,0,13,1604,9,280,66,10,12,5,81,40,214,2120
6363,S,2002,2002-04-12,15,9,"South East",142,Oxfordshire,A34,Major,A415,A4183,450120,200000,51.69651983,-1.27623531,4.60,2.86,0,11,1834,9,240,56,9,18,17,79,45,224,2318
6363,S,2002,2002-04-12,16,9,"South East",142,Oxfordshire,A34,Major,A415,A4183,450120,200000,51.69651983,-1.27623531,4.60,2.86,0,21,2127,10,223,54,1,13,8,81,33,190,2571
6363,S,2002,2002-04-12,17,9,"South East",142,Oxfordshire,A34,Major,A415,A4183,450120,200000,51.69651983,-1.27623531,4.60,2.86,0,20,2197,11,189,48,2,9,1,60,69,189,2606
6363,S,2002,2002-04-12,18,9,"South East",142,Oxfordshire,A34,Major,A415,A4183,450120,200000,51.69651983,-1.27623531,4.60,2.86,0,21,1822,9,106,33,1,6,5,59,49,153,2111
6363,N,2003,2003-03-17,7,9,"South East",142,Oxfordshire,A34,Major,A415,A4183,450120,200000,51.69651983,-1.27623531,4.60,2.86,0,12,1892,6,344,80,11,4,26,72,60,253,2507
6363,N,2003,2003-03-17,8,9,"South East",142,Oxfordshire,A34,Major,A415,A4183,450120,200000,51.69651983,-1.27623531,4.60,2.86,0,10,1784,2,210,60,11,8,22,92,42,235,2241
6363,N,2003,2003-03-17,9,9,"South East",142,Oxfordshire,A34,Major,A415,A4183,450120,200000,51.69651983,-1.27623531,4.60,2.86,0,12,1401,3,226,67,9,6,43,78,45,248,1890
6363,N,2003,2003-03-17,10,9,"South East",142,Oxfordshire,A34,Major,A415,A4183,450120,200000,51.69651983,-1.27623531,4.60,2.86,0,7,1164,10,246,82,9,6,34,108,31,270,1697
6363,N,2003,2003-03-17,11,9,"South East",142,Oxfordshire,A34,Major,A415,A4183,450120,200000,51.69651983,-1.27623531,4.60,2.86,0,3,1136,8,219,112,7,3,33,91,36,282,1648
6363,N,2003,2003-03-17,12,9,"South East",142,Oxfordshire,A34,Major,A415,A4183,450120,200000,51.69651983,-1.27623531,4.60,2.86,1,9,1109,11,181,104,12,4,34,91,54,299,1609
6363,N,2003,2003-03-17,13,9,"South East",142,Oxfordshire,A34,Major,A415,A4183,450120,200000,51.69651983,-1.27623531,4.60,2.86,0,6,1028,7,226,90,8,6,35,80,48,267,1534
6363,N,2003,2003-03-17,14,9,"South East",142,Oxfordshire,A34,Major,A415,A4183,450120,200000,51.69651983,-1.27623531,4.60,2.86,0,9,1143,2,248,108,6,9,31,75,43,272,1674
6363,N,2003,2003-03-17,15,9,"South East",142,Oxfordshire,A34,Major,A415,A4183,450120,200000,51.69651983,-1.27623531,4.60,2.86,0,8,1239,6,256,104,8,6,38,94,53,303,1812
6363,N,2003,2003-03-17,16,9,"South East",142,Oxfordshire,A34,Major,A415,A4183,450120,200000,51.69651983,-1.27623531,4.60,2.86,0,20,1475,6,262,66,7,2,27,71,53,226,1989
6363,N,2003,2003-03-17,17,9,"South East",142,Oxfordshire,A34,Major,A415,A4183,450120,200000,51.69651983,-1.27623531,4.60,2.86,0,23,1789,1,159,40,1,2,19,69,58,189,2161
6363,N,2003,2003-03-17,18,9,"South East",142,Oxfordshire,A34,Major,A415,A4183,450120,200000,51.69651983,-1.27623531,4.60,2.86,0,14,1463,3,117,27,5,1,24,77,41,175,1772
6363,S,2003,2003-03-17,7,9,"South East",142,Oxfordshire,A34,Major,A415,A4183,450120,200000,51.69651983,-1.27623531,4.60,2.86,0,10,1764,3,356,85,12,3,37,99,24,260,2393
6363,S,2003,2003-03-17,8,9,"South East",142,Oxfordshire,A34,Major,A415,A4183,450120,200000,51.69651983,-1.27623531,4.60,2.86,0,1,1729,0,223,80,13,15,22,95,25,250,2203
6363,S,2003,2003-03-17,9,9,"South East",142,Oxfordshire,A34,Major,A415,A4183,450120,200000,51.69651983,-1.27623531,4.60,2.86,0,10,1081,5,264,88,9,3,18,94,18,230,1590
6363,S,2003,2003-03-17,10,9,"South East",142,Oxfordshire,A34,Major,A415,A4183,450120,200000,51.69651983,-1.27623531,4.60,2.86,0,4,1412,2,165,76,11,5,37,82,22,233,1816
6363,S,2003,2003-03-17,11,9,"South East",142,Oxfordshire,A34,Major,A415,A4183,450120,200000,51.69651983,-1.27623531,4.60,2.86,0,3,1149,5,174,99,12,5,20,92,53,281,1612
6363,S,2003,2003-03-17,12,9,"South East",142,Oxfordshire,A34,Major,A415,A4183,450120,200000,51.69651983,-1.27623531,4.60,2.86,0,6,1007,18,175,111,15,18,15,87,83,329,1535
6363,S,2003,2003-03-17,13,9,"South East",142,Oxfordshire,A34,Major,A415,A4183,450120,200000,51.69651983,-1.27623531,4.60,2.86,0,11,1022,14,159,61,5,2,13,135,18,234,1440
6363,S,2003,2003-03-17,14,9,"South East",142,Oxfordshire,A34,Major,A415,A4183,450120,200000,51.69651983,-1.27623531,4.60,2.86,0,5,1046,18,108,65,15,9,26,110,13,238,1415
6363,S,2003,2003-03-17,15,9,"South East",142,Oxfordshire,A34,Major,A415,A4183,450120,200000,51.69651983,-1.27623531,4.60,2.86,0,11,960,6,118,62,6,2,19,103,33,225,1320
6363,S,2003,2003-03-17,16,9,"South East",142,Oxfordshire,A34,Major,A415,A4183,450120,200000,51.69651983,-1.27623531,4.60,2.86,0,11,1402,5,137,40,3,0,26,80,35,184,1739
6363,S,2003,2003-03-17,17,9,"South East",142,Oxfordshire,A34,Major,A415,A4183,450120,200000,51.69651983,-1.27623531,4.60,2.86,0,12,1650,2,96,38,4,1,10,128,9,190,1950
6363,S,2003,2003-03-17,18,9,"South East",142,Oxfordshire,A34,Major,A415,A4183,450120,200000,51.69651983,-1.27623531,4.60,2.86,0,4,1204,7,70,22,4,5,12,111,9,163,1448
6363,N,2004,2004-03-25,7,9,"South East",142,Oxfordshire,A34,Major,A415,A4183,450120,200000,51.69651983,-1.27623531,4.60,2.86,0,5,1699,4,355,71,14,5,31,85,71,277,2340
6363,N,2004,2004-03-25,8,9,"South East",142,Oxfordshire,A34,Major,A415,A4183,450120,200000,51.69651983,-1.27623531,4.60,2.86,0,8,1692,4,212,63,10,14,26,109,50,272,2188
6363,N,2004,2004-03-25,9,9,"South East",142,Oxfordshire,A34,Major,A415,A4183,450120,200000,51.69651983,-1.27623531,4.60,2.86,0,10,1583,7,205,97,17,14,44,79,46,297,2102
6363,N,2004,2004-03-25,10,9,"South East",142,Oxfordshire,A34,Major,A415,A4183,450120,200000,51.69651983,-1.27623531,4.60,2.86,0,0,1264,15,289,83,13,16,36,115,34,297,1865
6363,N,2004,2004-03-25,11,9,"South East",142,Oxfordshire,A34,Major,A415,A4183,450120,200000,51.69651983,-1.27623531,4.60,2.86,0,1,1153,6,264,79,12,10,37,103,41,282,1706
6363,N,2004,2004-03-25,12,9,"South East",142,Oxfordshire,A34,Major,A415,A4183,450120,200000,51.69651983,-1.27623531,4.60,2.86,0,5,1168,4,206,96,12,9,41,108,65,331,1714
6363,N,2004,2004-03-25,13,9,"South East",142,Oxfordshire,A34,Major,A415,A4183,450120,200000,51.69651983,-1.27623531,4.60,2.86,0,3,1221,8,243,105,7,4,38,87,52,293,1768
6363,N,2004,2004-03-25,14,9,"South East",142,Oxfordshire,A34,Major,A415,A4183,450120,200000,51.69651983,-1.27623531,4.60,2.86,0,4,1277,2,283,109,11,7,32,78,44,281,1847
6363,N,2004,2004-03-25,15,9,"South East",142,Oxfordshire,A34,Major,A415,A4183,450120,200000,51.69651983,-1.27623531,4.60,2.86,0,6,1438,6,287,94,11,7,41,101,57,311,2048
6363,N,2004,2004-03-25,16,9,"South East",142,Oxfordshire,A34,Major,A415,A4183,450120,200000,51.69651983,-1.27623531,4.60,2.86,0,2,1745,7,172,69,12,7,34,88,66,276,2202
6363,N,2004,2004-03-25,17,9,"South East",142,Oxfordshire,A34,Major,A415,A4183,450120,200000,51.69651983,-1.27623531,4.60,2.86,0,7,2195,4,202,37,2,0,24,81,70,214,2622
6363,N,2004,2004-03-25,18,9,"South East",142,Oxfordshire,A34,Major,A415,A4183,450120,200000,51.69651983,-1.27623531,4.60,2.86,0,10,1751,0,129,17,2,16,30,96,51,212,2102
6363,S,2004,2004-03-25,7,9,"South East",142,Oxfordshire,A34,Major,A415,A4183,450120,200000,51.69651983,-1.27623531,4.60,2.86,0,5,1543,2,340,126,10,6,36,86,90,354,2244
6363,S,2004,2004-03-25,8,9,"South East",142,Oxfordshire,A34,Major,A415,A4183,450120,200000,51.69651983,-1.27623531,4.60,2.86,0,14,1951,3,202,69,14,13,13,98,39,246,2416
6363,S,2004,2004-03-25,9,9,"South East",142,Oxfordshire,A34,Major,A415,A4183,450120,200000,51.69651983,-1.27623531,4.60,2.86,0,3,1301,7,228,80,15,8,19,89,48,259,1798
6363,S,2004,2004-03-25,10,9,"South East",142,Oxfordshire,A34,Major,A415,A4183,450120,200000,51.69651983,-1.27623531,4.60,2.86,0,4,989,5,186,88,18,4,19,99,58,286,1470
6363,S,2004,2004-03-25,11,9,"South East",142,Oxfordshire,A34,Major,A415,A4183,450120,200000,51.69651983,-1.27623531,4.60,2.86,0,3,892,4,166,72,10,10,23,114,56,285,1350
6363,S,2004,2004-03-25,12,9,"South East",142,Oxfordshire,A34,Major,A415,A4183,450120,200000,51.69651983,-1.27623531,4.60,2.86,0,6,934,3,211,68,14,3,28,116,47,276,1430
6363,S,2004,2004-03-25,13,9,"South East",142,Oxfordshire,A34,Major,A415,A4183,450120,200000,51.69651983,-1.27623531,4.60,2.86,0,5,1146,4,202,86,12,8,26,87,48,267,1624
6363,S,2004,2004-03-25,14,9,"South East",142,Oxfordshire,A34,Major,A415,A4183,450120,200000,51.69651983,-1.27623531,4.60,2.86,0,5,1281,7,219,75,17,9,33,117,30,281,1793
6363,S,2004,2004-03-25,15,9,"South East",142,Oxfordshire,A34,Major,A415,A4183,450120,200000,51.69651983,-1.27623531,4.60,2.86,0,4,1431,7,247,70,17,6,13,109,52,267,1956
6363,S,2004,2004-03-25,16,9,"South East",142,Oxfordshire,A34,Major,A415,A4183,450120,200000,51.69651983,-1.27623531,4.60,2.86,0,11,1595,5,238,42,5,5,16,75,63,206,2055
6363,S,2004,2004-03-25,17,9,"South East",142,Oxfordshire,A34,Major,A415,A4183,450120,200000,51.69651983,-1.27623531,4.60,2.86,0,10,1793,13,185,55,9,2,23,104,36,229,2230
6363,S,2004,2004-03-25,18,9,"South East",142,Oxfordshire,A34,Major,A415,A4183,450120,200000,51.69651983,-1.27623531,4.60,2.86,0,9,1658,11,125,33,4,2,20,72,39,170,1973
6363,N,2005,2005-04-26,7,9,"South East",142,Oxfordshire,A34,Major,A415,A4183,450120,200000,51.69651983,-1.27623531,4.60,2.86,0,8,2078,4,410,100,15,33,9,75,77,309,2809
6363,N,2005,2005-04-26,8,9,"South East",142,Oxfordshire,A34,Major,A415,A4183,450120,200000,51.69651983,-1.27623531,4.60,2.86,0,8,1713,8,236,76,16,14,21,103,50,280,2245
6363,N,2005,2005-04-26,9,9,"South East",142,Oxfordshire,A34,Major,A415,A4183,450120,200000,51.69651983,-1.27623531,4.60,2.86,0,7,1377,2,213,86,13,8,15,130,57,309,1908
6363,N,2005,2005-04-26,10,9,"South East",142,Oxfordshire,A34,Major,A415,A4183,450120,200000,51.69651983,-1.27623531,4.60,2.86,0,3,1055,7,141,82,17,25,19,110,65,318,1524
6363,N,2005,2005-04-26,11,9,"South East",142,Oxfordshire,A34,Major,A415,A4183,450120,200000,51.69651983,-1.27623531,4.60,2.86,0,2,1090,4,192,108,22,18,13,95,49,305,1593
6363,N,2005,2005-04-26,12,9,"South East",142,Oxfordshire,A34,Major,A415,A4183,450120,200000,51.69651983,-1.27623531,4.60,2.86,1,6,964,7,207,97,15,22,19,138,20,311,1495
6363,N,2005,2005-04-26,13,9,"South East",142,Oxfordshire,A34,Major,A415,A4183,450120,200000,51.69651983,-1.27623531,4.60,2.86,0,4,940,2,197,97,9,19,24,119,32,300,1443
6363,N,2005,2005-04-26,14,9,"South East",142,Oxfordshire,A34,Major,A415,A4183,450120,200000,51.69651983,-1.27623531,4.60,2.86,0,8,1038,4,190,130,6,12,25,114,72,359,1599
6363,N,2005,2005-04-26,15,9,"South East",142,Oxfordshire,A34,Major,A415,A4183,450120,200000,51.69651983,-1.27623531,4.60,2.86,0,5,1376,7,265,97,16,12,4,85,64,278,1931
6363,N,2005,2005-04-26,16,9,"South East",142,Oxfordshire,A34,Major,A415,A4183,450120,200000,51.69651983,-1.27623531,4.60,2.86,0,14,1604,3,277,53,9,7,11,88,64,232,2130
6363,N,2005,2005-04-26,17,9,"South East",142,Oxfordshire,A34,Major,A415,A4183,450120,200000,51.69651983,-1.27623531,4.60,2.86,0,13,1614,6,174,34,8,14,4,69,41,170,1977
6363,N,2005,2005-04-26,18,9,"South East",142,Oxfordshire,A34,Major,A415,A4183,450120,200000,51.69651983,-1.27623531,4.60,2.86,0,5,1239,3,101,26,3,4,8,87,47,175,1523
6363,S,2005,2005-04-26,7,9,"South East",142,Oxfordshire,A34,Major,A415,A4183,450120,200000,51.69651983,-1.27623531,4.60,2.86,0,8,1672,1,340,102,15,11,25,101,79,333,2354
6363,S,2005,2005-04-26,8,9,"South East",142,Oxfordshire,A34,Major,A415,A4183,450120,200000,51.69651983,-1.27623531,4.60,2.86,0,17,1883,2,240,76,15,13,21,57,81,263,2405
6363,S,2005,2005-04-26,9,9,"South East",142,Oxfordshire,A34,Major,A415,A4183,450120,200000,51.69651983,-1.27623531,4.60,2.86,0,7,1577,6,252,96,16,10,27,84,54,287,2129
6363,S,2005,2005-04-26,10,9,"South East",142,Oxfordshire,A34,Major,A415,A4183,450120,200000,51.69651983,-1.27623531,4.60,2.86,0,3,1041,3,190,97,8,11,24,80,55,275,1512
6363,S,2005,2005-04-26,11,9,"South East",142,Oxfordshire,A34,Major,A415,A4183,450120,200000,51.69651983,-1.27623531,4.60,2.86,0,6,925,6,259,88,14,10,30,127,63,332,1528
6363,S,2005,2005-04-26,12,9,"South East",142,Oxfordshire,A34,Major,A415,A4183,450120,200000,51.69651983,-1.27623531,4.60,2.86,0,4,940,6,195,62,12,14,30,110,43,271,1416
6363,S,2005,2005-04-26,13,9,"South East",142,Oxfordshire,A34,Major,A415,A4183,450120,200000,51.69651983,-1.27623531,4.60,2.86,0,3,1044,6,243,60,10,6,26,107,46,255,1551
6363,S,2005,2005-04-26,14,9,"South East",142,Oxfordshire,A34,Major,A415,A4183,450120,200000,51.69651983,-1.27623531,4.60,2.86,0,1,1165,10,218,75,5,10,23,100,60,273,1667
6363,S,2005,2005-04-26,15,9,"South East",142,Oxfordshire,A34,Major,A415,A4183,450120,200000,51.69651983,-1.27623531,4.60,2.86,0,2,1383,9,235,61,6,7,33,81,50,238,1867
6363,S,2005,2005-04-26,16,9,"South East",142,Oxfordshire,A34,Major,A415,A4183,450120,200000,51.69651983,-1.27623531,4.60,2.86,0,14,1707,9,254,56,6,1,19,66,58,206,2190
6363,S,2005,2005-04-26,17,9,"South East",142,Oxfordshire,A34,Major,A415,A4183,450120,200000,51.69651983,-1.27623531,4.60,2.86,0,9,1771,9,168,45,2,1,19,70,57,194,2151
6363,S,2005,2005-04-26,18,9,"South East",142,Oxfordshire,A34,Major,A415,A4183,450120,200000,51.69651983,-1.27623531,4.60,2.86,0,9,1536,9,87,37,5,0,12,79,37,170,1811
6363,N,2006,2006-06-14,7,9,"South East",142,Oxfordshire,A34,Major,A415,A4183,450120,200000,51.69651983,-1.27623531,4.60,2.86,0,11,1678,3,410,50,15,17,20,99,47,248,2350
6363,N,2006,2006-06-14,8,9,"South East",142,Oxfordshire,A34,Major,A415,A4183,450120,200000,51.69651983,-1.27623531,4.60,2.86,0,10,1555,3,213,41,10,9,36,76,48,220,2001
6363,N,2006,2006-06-14,9,9,"South East",142,Oxfordshire,A34,Major,A415,A4183,450120,200000,51.69651983,-1.27623531,4.60,2.86,0,8,1483,8,253,49,8,13,29,94,41,234,1986
6363,N,2006,2006-06-14,10,9,"South East",142,Oxfordshire,A34,Major,A415,A4183,450120,200000,51.69651983,-1.27623531,4.60,2.86,0,7,1317,11,287,75,18,23,19,152,55,342,1964
6363,N,2006,2006-06-14,11,9,"South East",142,Oxfordshire,A34,Major,A415,A4183,450120,200000,51.69651983,-1.27623531,4.60,2.86,0,10,1162,4,307,79,17,9,20,130,51,306,1789
6363,N,2006,2006-06-14,12,9,"South East",142,Oxfordshire,A34,Major,A415,A4183,450120,200000,51.69651983,-1.27623531,4.60,2.86,0,9,1041,4,286,82,10,16,32,118,41,299,1639
6363,N,2006,2006-06-14,13,9,"South East",142,Oxfordshire,A34,Major,A415,A4183,450120,200000,51.69651983,-1.27623531,4.60,2.86,0,4,1075,2,259,84,11,14,28,103,45,285,1625
6363,N,2006,2006-06-14,14,9,"South East",142,Oxfordshire,A34,Major,A415,A4183,450120,200000,51.69651983,-1.27623531,4.60,2.86,0,5,1163,6,221,75,12,7,30,106,67,297,1692
6363,N,2006,2006-06-14,15,9,"South East",142,Oxfordshire,A34,Major,A415,A4183,450120,200000,51.69651983,-1.27623531,4.60,2.86,0,15,1348,2,314,66,6,8,15,105,68,268,1947
6363,N,2006,2006-06-14,16,9,"South East",142,Oxfordshire,A34,Major,A415,A4183,450120,200000,51.69651983,-1.27623531,4.60,2.86,0,18,1641,2,253,51,8,7,12,107,64,249,2163
6363,N,2006,2006-06-14,17,9,"South East",142,Oxfordshire,A34,Major,A415,A4183,450120,200000,51.69651983,-1.27623531,4.60,2.86,0,17,2012,2,228,30,5,4,9,98,31,177,2436
6363,N,2006,2006-06-14,18,9,"South East",142,Oxfordshire,A34,Major,A415,A4183,450120,200000,51.69651983,-1.27623531,4.60,2.86,0,19,1645,3,120,18,4,2,17,84,57,182,1969
6363,S,2006,2006-06-14,7,9,"South East",142,Oxfordshire,A34,Major,A415,A4183,450120,200000,51.69651983,-1.27623531,4.60,2.86,0,10,1675,1,341,84,17,8,18,108,72,307,2334
6363,S,2006,2006-06-14,8,9,"South East",142,Oxfordshire,A34,Major,A415,A4183,450120,200000,51.69651983,-1.27623531,4.60,2.86,0,18,2102,3,253,67,10,8,18,72,65,240,2616
6363,S,2006,2006-06-14,9,9,"South East",142,Oxfordshire,A34,Major,A415,A4183,450120,200000,51.69651983,-1.27623531,4.60,2.86,0,5,1575,7,263,70,21,32,18,99,69,309,2159
6363,S,2006,2006-06-14,10,9,"South East",142,Oxfordshire,A34,Major,A415,A4183,450120,200000,51.69651983,-1.27623531,4.60,2.86,0,6,1111,2,218,65,13,20,14,84,54,250,1587
6363,S,2006,2006-06-14,11,9,"South East",142,Oxfordshire,A34,Major,A415,A4183,450120,200000,51.69651983,-1.27623531,4.60,2.86,0,6,1032,7,238,71,12,11,12,100,68,274,1557
6363,S,2006,2006-06-14,12,9,"South East",142,Oxfordshire,A34,Major,A415,A4183,450120,200000,51.69651983,-1.27623531,4.60,2.86,0,4,1067,5,239,50,22,18,17,79,57,243,1558
6363,S,2006,2006-06-14,13,9,"South East",142,Oxfordshire,A34,Major,A415,A4183,450120,200000,51.69651983,-1.27623531,4.60,2.86,0,5,1171,5,247,86,10,10,21,101,66,294,1722
6363,S,2006,2006-06-14,14,9,"South East",142,Oxfordshire,A34,Major,A415,A4183,450120,200000,51.69651983,-1.27623531,4.60,2.86,0,10,1242,3,225,68,7,11,11,101,73,271,1751
6363,S,2006,2006-06-14,15,9,"South East",142,Oxfordshire,A34,Major,A415,A4183,450120,200000,51.69651983,-1.27623531,4.60,2.86,0,7,1480,8,294,45,7,18,7,92,77,246,2035
6363,S,2006,2006-06-14,16,9,"South East",142,Oxfordshire,A34,Major,A415,A4183,450120,200000,51.69651983,-1.27623531,4.60,2.86,0,13,1855,7,327,68,9,8,17,78,70,250,2452
6363,S,2006,2006-06-14,17,9,"South East",142,Oxfordshire,A34,Major,A415,A4183,450120,200000,51.69651983,-1.27623531,4.60,2.86,0,32,2056,10,210,17,3,2,15,72,49,158,2466
6363,S,2006,2006-06-14,18,9,"South East",142,Oxfordshire,A34,Major,A415,A4183,450120,200000,51.69651983,-1.27623531,4.60,2.86,0,14,1685,4,136,19,5,1,9,92,46,172,2011
6363,N,2007,2007-05-09,7,9,"South East",142,Oxfordshire,A34,Major,A415,A4183,450120,200000,51.69651983,-1.27623531,4.60,2.86,0,18,1713,7,346,52,16,15,10,80,69,242,2326
6363,N,2007,2007-05-09,8,9,"South East",142,Oxfordshire,A34,Major,A415,A4183,450120,200000,51.69651983,-1.27623531,4.60,2.86,0,7,1688,3,221,76,8,8,17,73,67,249,2168
6363,N,2007,2007-05-09,9,9,"South East",142,Oxfordshire,A34,Major,A415,A4183,450120,200000,51.69651983,-1.27623531,4.60,2.86,0,16,1214,7,190,66,7,11,17,145,10,256,1683
6363,N,2007,2007-05-09,10,9,"South East",142,Oxfordshire,A34,Major,A415,A4183,450120,200000,51.69651983,-1.27623531,4.60,2.86,0,9,1189,6,206,93,12,13,28,95,94,335,1745
6363,N,2007,2007-05-09,11,9,"South East",142,Oxfordshire,A34,Major,A415,A4183,450120,200000,51.69651983,-1.27623531,4.60,2.86,0,11,1086,9,219,80,8,11,16,100,102,317,1642
6363,N,2007,2007-05-09,12,9,"South East",142,Oxfordshire,A34,Major,A415,A4183,450120,200000,51.69651983,-1.27623531,4.60,2.86,0,2,956,1,185,97,18,8,24,110,71,328,1472
6363,N,2007,2007-05-09,13,9,"South East",142,Oxfordshire,A34,Major,A415,A4183,450120,200000,51.69651983,-1.27623531,4.60,2.86,0,10,1055,2,203,105,15,14,17,125,71,347,1617
6363,N,2007,2007-05-09,14,9,"South East",142,Oxfordshire,A34,Major,A415,A4183,450120,200000,51.69651983,-1.27623531,4.60,2.86,0,1,1116,0,236,53,6,12,19,138,46,274,1627
6363,N,2007,2007-05-09,15,9,"South East",142,Oxfordshire,A34,Major,A415,A4183,450120,200000,51.69651983,-1.27623531,4.60,2.86,0,6,1365,2,208,48,6,11,12,61,51,189,1770
6363,N,2007,2007-05-09,16,9,"South East",142,Oxfordshire,A34,Major,A415,A4183,450120,200000,51.69651983,-1.27623531,4.60,2.86,0,10,1719,3,232,52,7,9,8,93,79,248,2212
6363,N,2007,2007-05-09,17,9,"South East",142,Oxfordshire,A34,Major,A415,A4183,450120,200000,51.69651983,-1.27623531,4.60,2.86,0,7,1774,0,167,41,10,6,13,101,71,242,2190
6363,N,2007,2007-05-09,18,9,"South East",142,Oxfordshire,A34,Major,A415,A4183,450120,200000,51.69651983,-1.27623531,4.60,2.86,0,1,1364,1,116,26,2,2,12,104,30,176,1658
6363,S,2007,2007-05-09,7,9,"South East",142,Oxfordshire,A34,Major,A415,A4183,450120,200000,51.69651983,-1.27623531,4.60,2.86,0,8,1790,2,398,75,17,14,27,90,88,311,2509
6363,S,2007,2007-05-09,8,9,"South East",142,Oxfordshire,A34,Major,A415,A4183,450120,200000,51.69651983,-1.27623531,4.60,2.86,0,19,2004,6,251,70,14,8,14,86,80,272,2552
6363,S,2007,2007-05-09,9,9,"South East",142,Oxfordshire,A34,Major,A415,A4183,450120,200000,51.69651983,-1.27623531,4.60,2.86,0,31,1590,7,257,77,17,13,18,100,81,306,2191
6363,S,2007,2007-05-09,10,9,"South East",142,Oxfordshire,A34,Major,A415,A4183,450120,200000,51.69651983,-1.27623531,4.60,2.86,0,5,1080,4,255,85,13,17,15,86,87,303,1647
6363,S,2007,2007-05-09,11,9,"South East",142,Oxfordshire,A34,Major,A415,A4183,450120,200000,51.69651983,-1.27623531,4.60,2.86,0,2,1015,2,239,81,19,6,30,108,67,311,1569
6363,S,2007,2007-05-09,12,9,"South East",142,Oxfordshire,A34,Major,A415,A4183,450120,200000,51.69651983,-1.27623531,4.60,2.86,0,8,1074,3,254,81,15,8,16,111,75,306,1645
6363,S,2007,2007-05-09,13,9,"South East",142,Oxfordshire,A34,Major,A415,A4183,450120,200000,51.69651983,-1.27623531,4.60,2.86,0,3,1221,4,256,71,12,16,24,112,87,322,1806
6363,S,2007,2007-05-09,14,9,"South East",142,Oxfordshire,A34,Major,A415,A4183,450120,200000,51.69651983,-1.27623531,4.60,2.86,0,1,1225,10,215,55,10,14,19,104,59,261,1712
6363,S,2007,2007-05-09,15,9,"South East",142,Oxfordshire,A34,Major,A415,A4183,450120,200000,51.69651983,-1.27623531,4.60,2.86,0,12,1408,11,272,80,21,7,21,108,76,313,2016
6363,S,2007,2007-05-09,16,9,"South East",142,Oxfordshire,A34,Major,A415,A4183,450120,200000,51.69651983,-1.27623531,4.60,2.86,0,13,1643,4,281,75,8,5,19,109,53,269,2210
6363,S,2007,2007-05-09,17,9,"South East",142,Oxfordshire,A34,Major,A415,A4183,450120,200000,51.69651983,-1.27623531,4.60,2.86,0,11,1657,4,213,47,4,0,13,74,53,191,2076
6363,S,2007,2007-05-09,18,9,"South East",142,Oxfordshire,A34,Major,A415,A4183,450120,200000,51.69651983,-1.27623531,4.60,2.86,0,19,1834,12,159,29,3,1,13,85,57,188,2212
6363,N,2008,2008-05-16,7,9,"South East",142,Oxfordshire,A34,Major,A415,A4183,450120,200000,51.69651983,-1.27623531,4.60,2.86,0,15,1547,5,418,89,11,5,18,82,57,262,2247
6363,N,2008,2008-05-16,8,9,"South East",142,Oxfordshire,A34,Major,A415,A4183,450120,200000,51.69651983,-1.27623531,4.60,2.86,0,15,1544,3,238,56,8,3,19,112,63,261,2061
6363,N,2008,2008-05-16,9,9,"South East",142,Oxfordshire,A34,Major,A415,A4183,450120,200000,51.69651983,-1.27623531,4.60,2.86,0,9,1301,10,255,73,8,11,17,114,70,293,1868
6363,N,2008,2008-05-16,10,9,"South East",142,Oxfordshire,A34,Major,A415,A4183,450120,200000,51.69651983,-1.27623531,4.60,2.86,0,12,1392,14,304,99,12,11,28,110,60,320,2042
6363,N,2008,2008-05-16,11,9,"South East",142,Oxfordshire,A34,Major,A415,A4183,450120,200000,51.69651983,-1.27623531,4.60,2.86,0,26,1695,23,312,97,11,13,13,97,65,296,2352
6363,N,2008,2008-05-16,12,9,"South East",142,Oxfordshire,A34,Major,A415,A4183,450120,200000,51.69651983,-1.27623531,4.60,2.86,0,18,1787,13,375,98,6,8,23,113,45,293,2486
6363,N,2008,2008-05-16,13,9,"South East",142,Oxfordshire,A34,Major,A415,A4183,450120,200000,51.69651983,-1.27623531,4.60,2.86,0,22,1920,10,348,88,9,9,27,74,53,260,2560
6363,N,2008,2008-05-16,14,9,"South East",142,Oxfordshire,A34,Major,A415,A4183,450120,200000,51.69651983,-1.27623531,4.60,2.86,0,18,1902,11,361,56,11,10,14,90,50,231,2523
6363,N,2008,2008-05-16,15,9,"South East",142,Oxfordshire,A34,Major,A415,A4183,450120,200000,51.69651983,-1.27623531,4.60,2.86,0,20,1978,9,358,51,12,5,10,88,44,210,2575
6363,N,2008,2008-05-16,16,9,"South East",142,Oxfordshire,A34,Major,A415,A4183,450120,200000,51.69651983,-1.27623531,4.60,2.86,0,24,2332,2,325,34,3,3,18,63,42,163,2846
6363,N,2008,2008-05-16,17,9,"South East",142,Oxfordshire,A34,Major,A415,A4183,450120,200000,51.69651983,-1.27623531,4.60,2.86,0,19,2206,5,205,40,2,1,13,54,33,143,2578
6363,N,2008,2008-05-16,18,9,"South East",142,Oxfordshire,A34,Major,A415,A4183,450120,200000,51.69651983,-1.27623531,4.60,2.86,0,8,1811,7,155,20,7,2,15,53,35,132,2113
6363,S,2008,2008-05-16,7,9,"South East",142,Oxfordshire,A34,Major,A415,A4183,450120,200000,51.69651983,-1.27623531,4.60,2.86,0,5,1580,0,331,98,12,8,9,115,80,322,2238
6363,S,2008,2008-05-16,8,9,"South East",142,Oxfordshire,A34,Major,A415,A4183,450120,200000,51.69651983,-1.27623531,4.60,2.86,0,12,1914,3,231,62,10,13,16,93,73,267,2427
6363,S,2008,2008-05-16,9,9,"South East",142,Oxfordshire,A34,Major,A415,A4183,450120,200000,51.69651983,-1.27623531,4.60,2.86,0,14,1167,2,212,57,21,17,9,61,53,218,1613
6363,S,2008,2008-05-16,10,9,"South East",142,Oxfordshire,A34,Major,A415,A4183,450120,200000,51.69651983,-1.27623531,4.60,2.86,0,5,1120,13,184,67,17,16,24,135,89,348,1670
6363,S,2008,2008-05-16,11,9,"South East",142,Oxfordshire,A34,Major,A415,A4183,450120,200000,51.69651983,-1.27623531,4.60,2.86,0,17,1399,8,214,90,7,8,19,165,88,377,2015
6363,S,2008,2008-05-16,12,9,"South East",142,Oxfordshire,A34,Major,A415,A4183,450120,200000,51.69651983,-1.27623531,4.60,2.86,0,5,1469,3,265,91,15,10,18,114,49,297,2039
6363,S,2008,2008-05-16,13,9,"South East",142,Oxfordshire,A34,Major,A415,A4183,450120,200000,51.69651983,-1.27623531,4.60,2.86,0,24,1594,6,227,84,17,3,11,137,34,286,2137
6363,S,2008,2008-05-16,14,9,"South East",142,Oxfordshire,A34,Major,A415,A4183,450120,200000,51.69651983,-1.27623531,4.60,2.86,0,6,1802,15,254,55,17,10,13,116,27,238,2315
6363,S,2008,2008-05-16,15,9,"South East",142,Oxfordshire,A34,Major,A415,A4183,450120,200000,51.69651983,-1.27623531,4.60,2.86,0,30,2012,5,245,42,7,7,22,92,16,186,2478
6363,S,2008,2008-05-16,16,9,"South East",142,Oxfordshire,A34,Major,A415,A4183,450120,200000,51.69651983,-1.27623531,4.60,2.86,0,10,2022,6,246,61,8,4,16,133,4,226,2510
6363,S,2008,2008-05-16,17,9,"South East",142,Oxfordshire,A34,Major,A415,A4183,450120,200000,51.69651983,-1.27623531,4.60,2.86,0,19,2267,10,193,57,1,3,13,121,12,207,2696
6363,S,2008,2008-05-16,18,9,"South East",142,Oxfordshire,A34,Major,A415,A4183,450120,200000,51.69651983,-1.27623531,4.60,2.86,0,9,1717,7,113,25,5,1,10,65,25,131,1977
6363,N,2009,2009-09-25,7,9,"South East",142,Oxfordshire,A34,Major,A415,A4183,450120,200000,51.69651983,-1.27623531,4.60,2.86,0,15,1512,1,374,51,22,6,12,79,70,240,2142
6363,N,2009,2009-09-25,8,9,"South East",142,Oxfordshire,A34,Major,A415,A4183,450120,200000,51.69651983,-1.27623531,4.60,2.86,0,14,1774,7,242,71,13,9,12,78,68,251,2288
6363,N,2009,2009-09-25,9,9,"South East",142,Oxfordshire,A34,Major,A415,A4183,450120,200000,51.69651983,-1.27623531,4.60,2.86,0,12,1310,5,222,60,11,6,12,66,48,203,1752
6363,N,2009,2009-09-25,10,9,"South East",142,Oxfordshire,A34,Major,A415,A4183,450120,200000,51.69651983,-1.27623531,4.60,2.86,0,9,1325,12,248,57,12,5,33,83,51,241,1835
6363,N,2009,2009-09-25,11,9,"South East",142,Oxfordshire,A34,Major,A415,A4183,450120,200000,51.69651983,-1.27623531,4.60,2.86,0,7,1454,10,243,93,7,8,28,94,39,269,1983
6363,N,2009,2009-09-25,12,9,"South East",142,Oxfordshire,A34,Major,A415,A4183,450120,200000,51.69651983,-1.27623531,4.60,2.86,0,29,1542,19,233,52,7,1,17,103,55,235,2058
6363,N,2009,2009-09-25,13,9,"South East",142,Oxfordshire,A34,Major,A415,A4183,450120,200000,51.69651983,-1.27623531,4.60,2.86,0,25,1684,15,298,40,7,6,13,87,58,211,2233
6363,N,2009,2009-09-25,14,9,"South East",142,Oxfordshire,A34,Major,A415,A4183,450120,200000,51.69651983,-1.27623531,4.60,2.86,0,13,1757,11,249,45,7,3,8,92,52,207,2237
6363,N,2009,2009-09-25,15,9,"South East",142,Oxfordshire,A34,Major,A415,A4183,450120,200000,51.69651983,-1.27623531,4.60,2.86,0,18,2182,7,266,43,9,4,14,81,36,187,2660
6363,N,2009,2009-09-25,16,9,"South East",142,Oxfordshire,A34,Major,A415,A4183,450120,200000,51.69651983,-1.27623531,4.60,2.86,0,38,2181,12,252,38,2,1,12,67,37,157,2640
6363,N,2009,2009-09-25,17,9,"South East",142,Oxfordshire,A34,Major,A415,A4183,450120,200000,51.69651983,-1.27623531,4.60,2.86,0,23,2206,9,193,30,1,2,12,58,30,133,2564
6363,N,2009,2009-09-25,18,9,"South East",142,Oxfordshire,A34,Major,A415,A4183,450120,200000,51.69651983,-1.27623531,4.60,2.86,0,16,2121,10,143,20,4,2,9,43,40,118,2408
6363,S,2009,2009-09-25,7,9,"South East",142,Oxfordshire,A34,Major,A415,A4183,450120,200000,51.69651983,-1.27623531,4.60,2.86,0,14,1577,1,276,51,19,6,16,128,0,220,2088
6363,S,2009,2009-09-25,8,9,"South East",142,Oxfordshire,A34,Major,A415,A4183,450120,200000,51.69651983,-1.27623531,4.60,2.86,0,14,1797,8,231,67,13,4,12,126,27,249,2299
6363,S,2009,2009-09-25,9,9,"South East",142,Oxfordshire,A34,Major,A415,A4183,450120,200000,51.69651983,-1.27623531,4.60,2.86,0,7,1145,4,202,0,13,4,9,109,4,139,1497
6363,S,2009,2009-09-25,10,9,"South East",142,Oxfordshire,A34,Major,A415,A4183,450120,200000,51.69651983,-1.27623531,4.60,2.86,0,8,987,9,220,49,13,5,15,116,29,227,1451
6363,S,2009,2009-09-25,11,9,"South East",142,Oxfordshire,A34,Major,A415,A4183,450120,200000,51.69651983,-1.27623531,4.60,2.86,0,7,1185,9,196,73,3,10,10,136,10,242,1639
6363,S,2009,2009-09-25,12,9,"South East",142,Oxfordshire,A34,Major,A415,A4183,450120,200000,51.69651983,-1.27623531,4.60,2.86,0,29,1047,19,146,45,3,2,15,109,46,220,1461
6363,S,2009,2009-09-25,13,9,"South East",142,Oxfordshire,A34,Major,A415,A4183,450120,200000,51.69651983,-1.27623531,4.60,2.86,0,26,1693,13,283,31,3,6,3,96,39,178,2193
6363,S,2009,2009-09-25,14,9,"South East",142,Oxfordshire,A34,Major,A415,A4183,450120,200000,51.69651983,-1.27623531,4.60,2.86,0,13,1704,11,228,53,3,2,9,120,28,215,2171
6363,S,2009,2009-09-25,15,9,"South East",142,Oxfordshire,A34,Major,A415,A4183,450120,200000,51.69651983,-1.27623531,4.60,2.86,0,15,1750,6,223,48,5,4,2,120,12,191,2185
6363,S,2009,2009-09-25,16,9,"South East",142,Oxfordshire,A34,Major,A415,A4183,450120,200000,51.69651983,-1.27623531,4.60,2.86,0,35,1460,11,165,32,2,1,7,66,38,146,1817
6363,S,2009,2009-09-25,17,9,"South East",142,Oxfordshire,A34,Major,A415,A4183,450120,200000,51.69651983,-1.27623531,4.60,2.86,0,22,1948,8,146,26,1,1,8,62,31,129,2253
6363,S,2009,2009-09-25,18,9,"South East",142,Oxfordshire,A34,Major,A415,A4183,450120,200000,51.69651983,-1.27623531,4.60,2.86,0,16,2215,9,122,17,6,1,3,74,18,119,2481
6363,N,2010,2010-05-27,7,9,"South East",142,Oxfordshire,A34,Major,A415,A4183,450120,200000,51.69651983,-1.27623531,4.60,2.86,0,13,1744,4,374,74,12,8,17,125,18,254,2389
6363,N,2010,2010-05-27,8,9,"South East",142,Oxfordshire,A34,Major,A415,A4183,450120,200000,51.69651983,-1.27623531,4.60,2.86,0,12,1719,1,262,60,5,4,10,113,47,239,2233
6363,N,2010,2010-05-27,9,9,"South East",142,Oxfordshire,A34,Major,A415,A4183,450120,200000,51.69651983,-1.27623531,4.60,2.86,0,8,1341,3,218,90,10,8,21,106,45,280,1850
6363,N,2010,2010-05-27,10,9,"South East",142,Oxfordshire,A34,Major,A415,A4183,450120,200000,51.69651983,-1.27623531,4.60,2.86,0,7,974,13,226,54,34,11,34,108,54,295,1515
6363,N,2010,2010-05-27,11,9,"South East",142,Oxfordshire,A34,Major,A415,A4183,450120,200000,51.69651983,-1.27623531,4.60,2.86,0,5,1381,1,309,42,18,10,22,138,54,284,1980
6363,N,2010,2010-05-27,12,9,"South East",142,Oxfordshire,A34,Major,A415,A4183,450120,200000,51.69651983,-1.27623531,4.60,2.86,0,1,1172,3,266,96,11,5,21,83,58,274,1716
6363,N,2010,2010-05-27,13,9,"South East",142,Oxfordshire,A34,Major,A415,A4183,450120,200000,51.69651983,-1.27623531,4.60,2.86,0,8,1028,2,275,55,3,8,8,168,44,286,1599
6363,N,2010,2010-05-27,14,9,"South East",142,Oxfordshire,A34,Major,A415,A4183,450120,200000,51.69651983,-1.27623531,4.60,2.86,0,7,1478,3,313,57,6,2,10,91,69,235,2036
6363,N,2010,2010-05-27,15,9,"South East",142,Oxfordshire,A34,Major,A415,A4183,450120,200000,51.69651983,-1.27623531,4.60,2.86,0,13,1466,7,324,71,14,10,22,145,67,329,2139
6363,N,2010,2010-05-27,16,9,"South East",142,Oxfordshire,A34,Major,A415,A4183,450120,200000,51.69651983,-1.27623531,4.60,2.86,0,14,2017,3,306,47,11,5,6,194,12,275,2615
6363,N,2010,2010-05-27,17,9,"South East",142,Oxfordshire,A34,Major,A415,A4183,450120,200000,51.69651983,-1.27623531,4.60,2.86,1,12,1642,0,185,26,3,2,8,66,44,149,1988
6363,N,2010,2010-05-27,18,9,"South East",142,Oxfordshire,A34,Major,A415,A4183,450120,200000,51.69651983,-1.27623531,4.60,2.86,0,13,2059,5,187,32,0,0,22,99,57,210,2474
6363,S,2010,2010-05-27,7,9,"South East",142,Oxfordshire,A34,Major,A415,A4183,450120,200000,51.69651983,-1.27623531,4.60,2.86,0,20,1710,3,346,65,24,6,20,79,104,298,2377
6363,S,2010,2010-05-27,8,9,"South East",142,Oxfordshire,A34,Major,A415,A4183,450120,200000,51.69651983,-1.27623531,4.60,2.86,1,15,1976,4,216,66,14,6,23,68,68,245,2456
6363,S,2010,2010-05-27,9,9,"South East",142,Oxfordshire,A34,Major,A415,A4183,450120,200000,51.69651983,-1.27623531,4.60,2.86,0,4,1346,2,187,63,18,10,36,93,71,291,1830
6363,S,2010,2010-05-27,10,9,"South East",142,Oxfordshire,A34,Major,A415,A4183,450120,200000,51.69651983,-1.27623531,4.60,2.86,0,5,1067,6,267,48,8,7,50,93,54,260,1605
6363,S,2010,2010-05-27,11,9,"South East",142,Oxfordshire,A34,Major,A415,A4183,450120,200000,51.69651983,-1.27623531,4.60,2.86,0,5,1063,3,233,95,15,12,20,101,73,316,1620
6363,S,2010,2010-05-27,12,9,"South East",142,Oxfordshire,A34,Major,A415,A4183,450120,200000,51.69651983,-1.27623531,4.60,2.86,0,2,1117,3,207,95,8,13,24,93,93,326,1655
6363,S,2010,2010-05-27,13,9,"South East",142,Oxfordshire,A34,Major,A415,A4183,450120,200000,51.69651983,-1.27623531,4.60,2.86,0,8,1270,4,217,54,7,6,32,76,79,254,1753
6363,S,2010,2010-05-27,14,9,"South East",142,Oxfordshire,A34,Major,A415,A4183,450120,200000,51.69651983,-1.27623531,4.60,2.86,0,15,1401,7,233,31,10,5,11,89,62,208,1864
6363,S,2010,2010-05-27,15,9,"South East",142,Oxfordshire,A34,Major,A415,A4183,450120,200000,51.69651983,-1.27623531,4.60,2.86,0,6,1503,6,181,52,8,3,21,91,56,231,1927
6363,S,2010,2010-05-27,16,9,"South East",142,Oxfordshire,A34,Major,A415,A4183,450120,200000,51.69651983,-1.27623531,4.60,2.86,0,12,1864,7,294,39,6,3,18,83,42,191,2368
6363,S,2010,2010-05-27,17,9,"South East",142,Oxfordshire,A34,Major,A415,A4183,450120,200000,51.69651983,-1.27623531,4.60,2.86,0,17,1932,9,206,89,1,2,14,102,70,278,2442
6363,S,2010,2010-05-27,18,9,"South East",142,Oxfordshire,A34,Major,A415,A4183,450120,200000,51.69651983,-1.27623531,4.60,2.86,0,6,1930,9,136,57,0,0,18,92,62,229,2310
6363,N,2011,2011-10-10,7,9,"South East",142,Oxfordshire,A34,Major,A415,A4183,450120,200000,51.69651983,-1.27623531,4.60,2.86,0,37,1922,4,413,81,11,12,9,96,52,261,2637
6363,N,2011,2011-10-10,8,9,"South East",142,Oxfordshire,A34,Major,A415,A4183,450120,200000,51.69651983,-1.27623531,4.60,2.86,0,12,1235,2,184,36,4,11,9,60,40,160,1593
6363,N,2011,2011-10-10,9,9,"South East",142,Oxfordshire,A34,Major,A415,A4183,450120,200000,51.69651983,-1.27623531,4.60,2.86,0,46,1603,7,294,51,2,4,22,125,48,252,2202
6363,N,2011,2011-10-10,10,9,"South East",142,Oxfordshire,A34,Major,A415,A4183,450120,200000,51.69651983,-1.27623531,4.60,2.86,0,15,1189,16,209,68,4,22,2,95,57,248,1677
6363,N,2011,2011-10-10,11,9,"South East",142,Oxfordshire,A34,Major,A415,A4183,450120,200000,51.69651983,-1.27623531,4.60,2.86,0,15,1372,10,250,63,4,11,17,110,38,243,1890
6363,N,2011,2011-10-10,12,9,"South East",142,Oxfordshire,A34,Major,A415,A4183,450120,200000,51.69651983,-1.27623531,4.60,2.86,0,2,1272,0,211,48,14,18,11,109,49,249,1734
6363,N,2011,2011-10-10,13,9,"South East",142,Oxfordshire,A34,Major,A415,A4183,450120,200000,51.69651983,-1.27623531,4.60,2.86,0,10,1060,6,221,70,7,15,13,117,33,255,1552
6363,N,2011,2011-10-10,14,9,"South East",142,Oxfordshire,A34,Major,A415,A4183,450120,200000,51.69651983,-1.27623531,4.60,2.86,0,7,1165,0,229,75,10,11,10,123,29,258,1659
6363,N,2011,2011-10-10,15,9,"South East",142,Oxfordshire,A34,Major,A415,A4183,450120,200000,51.69651983,-1.27623531,4.60,2.86,0,3,1203,7,224,69,5,12,7,112,45,250,1687
6363,N,2011,2011-10-10,16,9,"South East",142,Oxfordshire,A34,Major,A415,A4183,450120,200000,51.69651983,-1.27623531,4.60,2.86,0,3,1485,9,272,41,7,6,5,100,41,200,1969
6363,N,2011,2011-10-10,17,9,"South East",142,Oxfordshire,A34,Major,A415,A4183,450120,200000,51.69651983,-1.27623531,4.60,2.86,0,12,1633,5,138,34,4,12,2,78,56,186,1974
6363,N,2011,2011-10-10,18,9,"South East",142,Oxfordshire,A34,Major,A415,A4183,450120,200000,51.69651983,-1.27623531,4.60,2.86,0,12,1948,2,77,16,4,2,4,53,25,104,2143
6363,S,2011,2011-10-10,7,9,"South East",142,Oxfordshire,A34,Major,A415,A4183,450120,200000,51.69651983,-1.27623531,4.60,2.86,0,17,1811,6,342,71,15,4,2,62,57,211,2387
6363,S,2011,2011-10-10,8,9,"South East",142,Oxfordshire,A34,Major,A415,A4183,450120,200000,51.69651983,-1.27623531,4.60,2.86,0,19,1727,3,289,103,25,9,11,74,61,283,2321
6363,S,2011,2011-10-10,9,9,"South East",142,Oxfordshire,A34,Major,A415,A4183,450120,200000,51.69651983,-1.27623531,4.60,2.86,0,10,1516,5,243,107,21,28,7,82,79,324,2098
6363,S,2011,2011-10-10,10,9,"South East",142,Oxfordshire,A34,Major,A415,A4183,450120,200000,51.69651983,-1.27623531,4.60,2.86,0,4,1097,8,237,83,19,25,6,87,89,309,1655
6363,S,2011,2011-10-10,11,9,"South East",142,Oxfordshire,A34,Major,A415,A4183,450120,200000,51.69651983,-1.27623531,4.60,2.86,0,3,1274,11,271,91,18,27,10,96,86,328,1887
6363,S,2011,2011-10-10,12,9,"South East",142,Oxfordshire,A34,Major,A415,A4183,450120,200000,51.69651983,-1.27623531,4.60,2.86,0,3,954,19,197,82,9,21,7,56,47,222,1395
6363,S,2011,2011-10-10,13,9,"South East",142,Oxfordshire,A34,Major,A415,A4183,450120,200000,51.69651983,-1.27623531,4.60,2.86,0,6,1019,18,207,86,25,31,11,109,97,359,1609
6363,S,2011,2011-10-10,14,9,"South East",142,Oxfordshire,A34,Major,A415,A4183,450120,200000,51.69651983,-1.27623531,4.60,2.86,0,4,1127,11,189,81,17,22,12,89,78,299,1630
6363,S,2011,2011-10-10,15,9,"South East",142,Oxfordshire,A34,Major,A415,A4183,450120,200000,51.69651983,-1.27623531,4.60,2.86,0,5,1293,8,199,51,19,17,7,96,85,275,1780
6363,S,2011,2011-10-10,16,9,"South East",142,Oxfordshire,A34,Major,A415,A4183,450120,200000,51.69651983,-1.27623531,4.60,2.86,0,7,1157,9,186,38,13,12,8,75,81,227,1586
6363,S,2011,2011-10-10,17,9,"South East",142,Oxfordshire,A34,Major,A415,A4183,450120,200000,51.69651983,-1.27623531,4.60,2.86,0,17,1294,6,141,41,9,4,6,64,56,180,1638
6363,S,2011,2011-10-10,18,9,"South East",142,Oxfordshire,A34,Major,A415,A4183,450120,200000,51.69651983,-1.27623531,4.60,2.86,0,10,1109,4,112,18,2,3,0,78,69,170,1405
6363,N,2012,2012-10-10,7,9,"South East",142,Oxfordshire,A34,Major,A415,A4183,450120,200000,51.69651983,-1.27623531,4.60,2.86,0,7,1837,6,331,70,17,6,2,87,96,278,2459
6363,N,2012,2012-10-10,8,9,"South East",142,Oxfordshire,A34,Major,A415,A4183,450120,200000,51.69651983,-1.27623531,4.60,2.86,0,14,2157,5,272,53,13,5,21,84,48,224,2672
6363,N,2012,2012-10-10,9,9,"South East",142,Oxfordshire,A34,Major,A415,A4183,450120,200000,51.69651983,-1.27623531,4.60,2.86,0,3,1244,9,187,62,13,12,5,77,90,259,1702
6363,N,2012,2012-10-10,10,9,"South East",142,Oxfordshire,A34,Major,A415,A4183,450120,200000,51.69651983,-1.27623531,4.60,2.86,0,5,953,5,210,52,12,10,12,84,53,223,1396
6363,N,2012,2012-10-10,11,9,"South East",142,Oxfordshire,A34,Major,A415,A4183,450120,200000,51.69651983,-1.27623531,4.60,2.86,0,2,906,12,148,83,12,8,15,82,73,273,1341
6363,N,2012,2012-10-10,12,9,"South East",142,Oxfordshire,A34,Major,A415,A4183,450120,200000,51.69651983,-1.27623531,4.60,2.86,0,3,984,6,226,56,6,1,14,91,44,212,1431
6363,N,2012,2012-10-10,13,9,"South East",142,Oxfordshire,A34,Major,A415,A4183,450120,200000,51.69651983,-1.27623531,4.60,2.86,0,7,1114,21,214,61,4,7,14,99,44,229,1585
6363,N,2012,2012-10-10,14,9,"South East",142,Oxfordshire,A34,Major,A415,A4183,450120,200000,51.69651983,-1.27623531,4.60,2.86,0,21,1241,6,251,62,5,8,13,75,85,248,1767
6363,N,2012,2012-10-10,15,9,"South East",142,Oxfordshire,A34,Major,A415,A4183,450120,200000,51.69651983,-1.27623531,4.60,2.86,0,7,1418,15,299,63,15,13,8,78,65,242,1981
6363,N,2012,2012-10-10,16,9,"South East",142,Oxfordshire,A34,Major,A415,A4183,450120,200000,51.69651983,-1.27623531,4.60,2.86,0,18,1857,10,332,45,6,7,8,72,82,220,2437
6363,N,2012,2012-10-10,17,9,"South East",142,Oxfordshire,A34,Major,A415,A4183,450120,200000,51.69651983,-1.27623531,4.60,2.86,0,14,2147,9,269,56,6,2,8,53,63,188,2627
6363,N,2012,2012-10-10,18,9,"South East",142,Oxfordshire,A34,Major,A415,A4183,450120,200000,51.69651983,-1.27623531,4.60,2.86,0,10,1823,9,117,34,5,2,5,53,63,162,2121
6363,S,2012,2012-10-10,7,9,"South East",142,Oxfordshire,A34,Major,A415,A4183,450120,200000,51.69651983,-1.27623531,4.60,2.86,0,15,1871,4,408,76,19,9,8,51,88,251,2549
6363,S,2012,2012-10-10,8,9,"South East",142,Oxfordshire,A34,Major,A415,A4183,450120,200000,51.69651983,-1.27623531,4.60,2.86,0,9,1470,5,392,53,10,14,4,55,67,203,2079
6363,S,2012,2012-10-10,9,9,"South East",142,Oxfordshire,A34,Major,A415,A4183,450120,200000,51.69651983,-1.27623531,4.60,2.86,0,7,767,5,171,42,9,5,4,38,35,133,1083
6363,S,2012,2012-10-10,10,9,"South East",142,Oxfordshire,A34,Major,A415,A4183,450120,200000,51.69651983,-1.27623531,4.60,2.86,0,8,1041,2,344,96,9,8,12,119,108,352,1747
6363,S,2012,2012-10-10,11,9,"South East",142,Oxfordshire,A34,Major,A415,A4183,450120,200000,51.69651983,-1.27623531,4.60,2.86,0,2,916,3,204,58,15,12,10,88,92,275,1400
6363,S,2012,2012-10-10,12,9,"South East",142,Oxfordshire,A34,Major,A415,A4183,450120,200000,51.69651983,-1.27623531,4.60,2.86,0,3,967,4,173,81,17,14,9,79,85,285,1432
6363,S,2012,2012-10-10,13,9,"South East",142,Oxfordshire,A34,Major,A415,A4183,450120,200000,51.69651983,-1.27623531,4.60,2.86,0,3,956,5,258,62,14,17,8,69,78,248,1470
6363,S,2012,2012-10-10,14,9,"South East",142,Oxfordshire,A34,Major,A415,A4183,450120,200000,51.69651983,-1.27623531,4.60,2.86,0,5,1012,3,262,75,15,8,4,66,107,275,1557
6363,S,2012,2012-10-10,15,9,"South East",142,Oxfordshire,A34,Major,A415,A4183,450120,200000,51.69651983,-1.27623531,4.60,2.86,0,11,969,5,231,49,18,6,7,88,94,262,1478
6363,S,2012,2012-10-10,16,9,"South East",142,Oxfordshire,A34,Major,A415,A4183,450120,200000,51.69651983,-1.27623531,4.60,2.86,0,1,1544,2,267,65,11,8,9,73,89,255,2069
6363,S,2012,2012-10-10,17,9,"South East",142,Oxfordshire,A34,Major,A415,A4183,450120,200000,51.69651983,-1.27623531,4.60,2.86,0,5,1513,5,135,43,8,11,0,62,78,202,1860
6363,S,2012,2012-10-10,18,9,"South East",142,Oxfordshire,A34,Major,A415,A4183,450120,200000,51.69651983,-1.27623531,4.60,2.86,0,6,1531,3,106,29,4,4,2,58,63,160,1806
6363,N,2013,2013-09-26,7,9,"South East",142,Oxfordshire,A34,Major,A415,A4183,450120,200000,51.69651983,-1.27623531,4.60,2.86,0,8,1675,2,287,63,14,5,9,39,117,247,2219
6363,N,2013,2013-09-26,8,9,"South East",142,Oxfordshire,A34,Major,A415,A4183,450120,200000,51.69651983,-1.27623531,4.60,2.86,0,9,1389,2,235,61,13,11,9,37,97,228,1863
6363,N,2013,2013-09-26,9,9,"South East",142,Oxfordshire,A34,Major,A415,A4183,450120,200000,51.69651983,-1.27623531,4.60,2.86,0,7,1269,8,206,56,16,8,8,47,118,253,1743
6363,N,2013,2013-09-26,10,9,"South East",142,Oxfordshire,A34,Major,A415,A4183,450120,200000,51.69651983,-1.27623531,4.60,2.86,0,6,1109,8,223,63,15,14,9,39,112,252,1598
6363,N,2013,2013-09-26,11,9,"South East",142,Oxfordshire,A34,Major,A415,A4183,450120,200000,51.69651983,-1.27623531,4.60,2.86,0,7,1026,5,214,69,13,12,11,46,113,264,1516
6363,N,2013,2013-09-26,12,9,"South East",142,Oxfordshire,A34,Major,A415,A4183,450120,200000,51.69651983,-1.27623531,4.60,2.86,0,9,996,5,240,82,13,12,10,38,115,270,1520
6363,N,2013,2013-09-26,13,9,"South East",142,Oxfordshire,A34,Major,A415,A4183,450120,200000,51.69651983,-1.27623531,4.60,2.86,0,11,1024,5,258,76,15,8,8,42,99,248,1546
6363,N,2013,2013-09-26,14,9,"South East",142,Oxfordshire,A34,Major,A415,A4183,450120,200000,51.69651983,-1.27623531,4.60,2.86,0,6,1183,6,215,60,15,9,7,39,101,231,1641
6363,N,2013,2013-09-26,15,9,"South East",142,Oxfordshire,A34,Major,A415,A4183,450120,200000,51.69651983,-1.27623531,4.60,2.86,0,5,1205,5,235,53,15,10,10,41,125,254,1704
6363,N,2013,2013-09-26,16,9,"South East",142,Oxfordshire,A34,Major,A415,A4183,450120,200000,51.69651983,-1.27623531,4.60,2.86,0,10,1500,6,293,47,8,4,9,45,125,238,2047
6363,N,2013,2013-09-26,17,9,"South East",142,Oxfordshire,A34,Major,A415,A4183,450120,200000,51.69651983,-1.27623531,4.60,2.86,0,15,1588,8,191,32,4,2,9,30,99,176,1978
6363,N,2013,2013-09-26,18,9,"South East",142,Oxfordshire,A34,Major,A415,A4183,450120,200000,51.69651983,-1.27623531,4.60,2.86,0,8,1284,5,118,28,7,3,11,31,94,174,1589
6363,S,2013,2013-09-26,7,9,"South East",142,Oxfordshire,A34,Major,A415,A4183,450120,200000,51.69651983,-1.27623531,4.60,2.86,0,14,1451,4,342,66,10,16,14,43,134,283,2094
6363,S,2013,2013-09-26,8,9,"South East",142,Oxfordshire,A34,Major,A415,A4183,450120,200000,51.69651983,-1.27623531,4.60,2.86,0,11,1641,4,250,66,13,16,9,39,111,254,2160
6363,S,2013,2013-09-26,9,9,"South East",142,Oxfordshire,A34,Major,A415,A4183,450120,200000,51.69651983,-1.27623531,4.60,2.86,0,9,1238,8,191,63,12,8,11,37,98,229,1675
6363,S,2013,2013-09-26,10,9,"South East",142,Oxfordshire,A34,Major,A415,A4183,450120,200000,51.69651983,-1.27623531,4.60,2.86,0,6,1004,4,214,72,8,8,7,34,99,228,1456
6363,S,2013,2013-09-26,11,9,"South East",142,Oxfordshire,A34,Major,A415,A4183,450120,200000,51.69651983,-1.27623531,4.60,2.86,0,4,991,6,243,56,9,9,7,42,121,244,1488
6363,S,2013,2013-09-26,12,9,"South East",142,Oxfordshire,A34,Major,A415,A4183,450120,200000,51.69651983,-1.27623531,4.60,2.86,0,8,984,9,216,71,5,5,10,42,111,244,1461
6363,S,2013,2013-09-26,13,9,"South East",142,Oxfordshire,A34,Major,A415,A4183,450120,200000,51.69651983,-1.27623531,4.60,2.86,0,3,1077,11,196,64,7,8,6,42,117,244,1531
6363,S,2013,2013-09-26,14,9,"South East",142,Oxfordshire,A34,Major,A415,A4183,450120,200000,51.69651983,-1.27623531,4.60,2.86,0,14,1228,7,201,49,19,9,9,44,131,261,1711
6363,S,2013,2013-09-26,15,9,"South East",142,Oxfordshire,A34,Major,A415,A4183,450120,200000,51.69651983,-1.27623531,4.60,2.86,0,8,1343,9,248,56,6,10,15,36,95,218,1826
6363,S,2013,2013-09-26,16,9,"South East",142,Oxfordshire,A34,Major,A415,A4183,450120,200000,51.69651983,-1.27623531,4.60,2.86,0,16,1544,7,288,50,8,3,14,38,104,217,2072
6363,S,2013,2013-09-26,17,9,"South East",142,Oxfordshire,A34,Major,A415,A4183,450120,200000,51.69651983,-1.27623531,4.60,2.86,0,15,1731,6,205,36,3,5,7,39,93,183,2140
6363,S,2013,2013-09-26,18,9,"South East",142,Oxfordshire,A34,Major,A415,A4183,450120,200000,51.69651983,-1.27623531,4.60,2.86,0,10,1495,4,130,21,7,4,7,35,83,157,1796
6363,N,2014,2014-09-25,7,9,"South East",142,Oxfordshire,A34,Major,A415,A4183,450120,200000,51.69651983,-1.27623531,4.60,2.86,0,6,1432,5,337,47,12,3,10,70,66,208,1988
6363,N,2014,2014-09-25,8,9,"South East",142,Oxfordshire,A34,Major,A415,A4183,450120,200000,51.69651983,-1.27623531,4.60,2.86,0,18,1221,4,150,38,5,15,3,74,75,210,1603
6363,N,2014,2014-09-25,9,9,"South East",142,Oxfordshire,A34,Major,A415,A4183,450120,200000,51.69651983,-1.27623531,4.60,2.86,0,7,1080,3,206,49,8,13,23,88,54,235,1531
6363,N,2014,2014-09-25,10,9,"South East",142,Oxfordshire,A34,Major,A415,A4183,450120,200000,51.69651983,-1.27623531,4.60,2.86,0,11,1373,8,208,62,13,26,13,88,67,269,1869
6363,N,2014,2014-09-25,11,9,"South East",142,Oxfordshire,A34,Major,A415,A4183,450120,200000,51.69651983,-1.27623531,4.60,2.86,0,5,1220,15,252,70,10,18,15,83,63,259,1751
6363,N,2014,2014-09-25,12,9,"South East",142,Oxfordshire,A34,Major,A415,A4183,450120,200000,51.69651983,-1.27623531,4.60,2.86,0,8,1239,5,227,67,13,18,8,96,67,269,1748
6363,N,2014,2014-09-25,13,9,"South East",142,Oxfordshire,A34,Major,A415,A4183,450120,200000,51.69651983,-1.27623531,4.60,2.86,0,12,1184,4,337,80,17,17,14,87,72,287,1824
6363,N,2014,2014-09-25,14,9,"South East",142,Oxfordshire,A34,Major,A415,A4183,450120,200000,51.69651983,-1.27623531,4.60,2.86,0,4,1365,6,242,70,10,13,10,97,82,282,1899
6363,N,2014,2014-09-25,15,9,"South East",142,Oxfordshire,A34,Major,A415,A4183,450120,200000,51.69651983,-1.27623531,4.60,2.86,0,7,1441,5,320,51,9,7,23,96,64,250,2023
6363,N,2014,2014-09-25,16,9,"South East",142,Oxfordshire,A34,Major,A415,A4183,450120,200000,51.69651983,-1.27623531,4.60,2.86,0,11,1728,8,220,38,5,4,10,98,86,241,2208
6363,N,2014,2014-09-25,17,9,"South East",142,Oxfordshire,A34,Major,A415,A4183,450120,200000,51.69651983,-1.27623531,4.60,2.86,0,25,1826,6,201,31,8,2,19,70,54,184,2242
6363,N,2014,2014-09-25,18,9,"South East",142,Oxfordshire,A34,Major,A415,A4183,450120,200000,51.69651983,-1.27623531,4.60,2.86,0,15,1680,6,152,28,7,0,12,83,50,180,2033
6363,S,2014,2014-09-25,7,9,"South East",142,Oxfordshire,A34,Major,A415,A4183,450120,200000,51.69651983,-1.27623531,4.60,2.86,0,16,1405,5,300,59,16,8,7,56,101,247,1973
6363,S,2014,2014-09-25,8,9,"South East",142,Oxfordshire,A34,Major,A415,A4183,450120,200000,51.69651983,-1.27623531,4.60,2.86,0,10,1414,4,235,40,5,7,20,95,36,203,1866
6363,S,2014,2014-09-25,9,9,"South East",142,Oxfordshire,A34,Major,A415,A4183,450120,200000,51.69651983,-1.27623531,4.60,2.86,0,11,1154,10,207,70,9,15,7,60,87,248,1630
6363,S,2014,2014-09-25,10,9,"South East",142,Oxfordshire,A34,Major,A415,A4183,450120,200000,51.69651983,-1.27623531,4.60,2.86,0,4,707,2,155,27,12,8,14,63,40,164,1032
6363,S,2014,2014-09-25,11,9,"South East",142,Oxfordshire,A34,Major,A415,A4183,450120,200000,51.69651983,-1.27623531,4.60,2.86,0,12,1164,8,257,55,11,14,27,106,109,322,1763
6363,S,2014,2014-09-25,12,9,"South East",142,Oxfordshire,A34,Major,A415,A4183,450120,200000,51.69651983,-1.27623531,4.60,2.86,0,5,966,13,192,22,8,7,13,86,74,210,1386
6363,S,2014,2014-09-25,13,9,"South East",142,Oxfordshire,A34,Major,A415,A4183,450120,200000,51.69651983,-1.27623531,4.60,2.86,0,6,1104,10,204,38,11,15,5,69,86,224,1548
6363,S,2014,2014-09-25,14,9,"South East",142,Oxfordshire,A34,Major,A415,A4183,450120,200000,51.69651983,-1.27623531,4.60,2.86,0,4,1296,4,294,54,10,22,11,84,71,252,1850
6363,S,2014,2014-09-25,15,9,"South East",142,Oxfordshire,A34,Major,A415,A4183,450120,200000,51.69651983,-1.27623531,4.60,2.86,0,7,1320,4,236,26,5,5,6,78,64,184,1751
6363,S,2014,2014-09-25,16,9,"South East",142,Oxfordshire,A34,Major,A415,A4183,450120,200000,51.69651983,-1.27623531,4.60,2.86,0,15,1670,6,279,32,6,3,6,78,69,194,2164
6363,S,2014,2014-09-25,17,9,"South East",142,Oxfordshire,A34,Major,A415,A4183,450120,200000,51.69651983,-1.27623531,4.60,2.86,0,20,1601,7,190,24,2,0,2,49,58,135,1953
6363,S,2014,2014-09-25,18,9,"South East",142,Oxfordshire,A34,Major,A415,A4183,450120,200000,51.69651983,-1.27623531,4.60,2.86,0,15,1598,6,138,16,0,1,6,71,29,123,1880
6363,N,2015,2015-07-08,7,9,"South East",142,Oxfordshire,A34,Major,A415,A4183,450120,200000,51.69651983,-1.27623531,4.60,2.86,0,9,1850,1,367,59,3,12,17,58,83,232,2459
6363,N,2015,2015-07-08,8,9,"South East",142,Oxfordshire,A34,Major,A415,A4183,450120,200000,51.69651983,-1.27623531,4.60,2.86,0,15,1607,5,218,74,11,21,10,58,53,227,2072
6363,N,2015,2015-07-08,9,9,"South East",142,Oxfordshire,A34,Major,A415,A4183,450120,200000,51.69651983,-1.27623531,4.60,2.86,0,8,1349,6,286,43,5,14,14,92,73,241,1890
6363,N,2015,2015-07-08,10,9,"South East",142,Oxfordshire,A34,Major,A415,A4183,450120,200000,51.69651983,-1.27623531,4.60,2.86,0,10,1182,14,276,75,10,12,9,87,61,254,1736
6363,N,2015,2015-07-08,11,9,"South East",142,Oxfordshire,A34,Major,A415,A4183,450120,200000,51.69651983,-1.27623531,4.60,2.86,0,24,1571,15,249,96,10,14,17,111,87,335,2194
6363,N,2015,2015-07-08,12,9,"South East",142,Oxfordshire,A34,Major,A415,A4183,450120,200000,51.69651983,-1.27623531,4.60,2.86,0,14,1189,4,307,79,7,30,14,95,78,303,1817
6363,N,2015,2015-07-08,13,9,"South East",142,Oxfordshire,A34,Major,A415,A4183,450120,200000,51.69651983,-1.27623531,4.60,2.86,0,5,1345,4,264,80,16,21,9,88,94,308,1926
6363,N,2015,2015-07-08,14,9,"South East",142,Oxfordshire,A34,Major,A415,A4183,450120,200000,51.69651983,-1.27623531,4.60,2.86,0,4,1177,5,302,77,17,12,9,83,62,260,1748
6363,N,2015,2015-07-08,15,9,"South East",142,Oxfordshire,A34,Major,A415,A4183,450120,200000,51.69651983,-1.27623531,4.60,2.86,0,2,1614,10,277,49,3,12,14,65,62,205,2108
6363,N,2015,2015-07-08,16,9,"South East",142,Oxfordshire,A34,Major,A415,A4183,450120,200000,51.69651983,-1.27623531,4.60,2.86,0,14,1721,10,324,45,7,9,7,88,72,228,2297
6363,N,2015,2015-07-08,17,9,"South East",142,Oxfordshire,A34,Major,A415,A4183,450120,200000,51.69651983,-1.27623531,4.60,2.86,0,15,2322,8,202,31,7,1,16,59,61,175,2722
6363,N,2015,2015-07-08,18,9,"South East",142,Oxfordshire,A34,Major,A415,A4183,450120,200000,51.69651983,-1.27623531,4.60,2.86,0,11,1656,4,142,14,2,1,14,71,52,154,1967
6363,S,2015,2015-07-08,7,9,"South East",142,Oxfordshire,A34,Major,A415,A4183,450120,200000,51.69651983,-1.27623531,4.60,2.86,0,15,1770,3,473,65,20,27,12,65,109,298,2559
6363,S,2015,2015-07-08,8,9,"South East",142,Oxfordshire,A34,Major,A415,A4183,450120,200000,51.69651983,-1.27623531,4.60,2.86,0,17,1925,11,361,84,14,18,8,66,93,283,2597
6363,S,2015,2015-07-08,9,9,"South East",142,Oxfordshire,A34,Major,A415,A4183,450120,200000,51.69651983,-1.27623531,4.60,2.86,0,10,1245,10,253,66,8,24,14,56,59,227,1745
6363,S,2015,2015-07-08,10,9,"South East",142,Oxfordshire,A34,Major,A415,A4183,450120,200000,51.69651983,-1.27623531,4.60,2.86,0,7,1392,10,233,56,7,15,17,62,71,228,1870
6363,S,2015,2015-07-08,11,9,"South East",142,Oxfordshire,A34,Major,A415,A4183,450120,200000,51.69651983,-1.27623531,4.60,2.86,0,2,1095,7,249,52,15,7,17,86,90,267,1620
6363,S,2015,2015-07-08,12,9,"South East",142,Oxfordshire,A34,Major,A415,A4183,450120,200000,51.69651983,-1.27623531,4.60,2.86,0,1,1202,10,274,64,8,12,14,81,63,242,1729
6363,S,2015,2015-07-08,13,9,"South East",142,Oxfordshire,A34,Major,A415,A4183,450120,200000,51.69651983,-1.27623531,4.60,2.86,0,9,1157,7,261,50,16,10,10,83,82,251,1685
6363,S,2015,2015-07-08,14,9,"South East",142,Oxfordshire,A34,Major,A415,A4183,450120,200000,51.69651983,-1.27623531,4.60,2.86,0,6,1366,9,284,61,12,7,6,88,71,245,1910
6363,S,2015,2015-07-08,15,9,"South East",142,Oxfordshire,A34,Major,A415,A4183,450120,200000,51.69651983,-1.27623531,4.60,2.86,0,6,1498,8,342,55,6,6,11,82,81,241,2095
6363,S,2015,2015-07-08,16,9,"South East",142,Oxfordshire,A34,Major,A415,A4183,450120,200000,51.69651983,-1.27623531,4.60,2.86,0,13,1969,10,416,82,8,6,8,79,96,279,2687
6363,S,2015,2015-07-08,17,9,"South East",142,Oxfordshire,A34,Major,A415,A4183,450120,200000,51.69651983,-1.27623531,4.60,2.86,0,17,2075,9,272,38,3,1,12,62,90,206,2579
6363,S,2015,2015-07-08,18,9,"South East",142,Oxfordshire,A34,Major,A415,A4183,450120,200000,51.69651983,-1.27623531,4.60,2.86,0,11,1616,7,134,36,5,1,7,51,43,143,1911
6363,N,2017,2017-10-09,7,9,"South East",142,Oxfordshire,A34,Major,A415,A4183,450120,200000,51.69651983,-1.27623531,4.60,2.86,0,17,2084,5,370,39,11,9,3,69,65,196,2672
6363,N,2017,2017-10-09,8,9,"South East",142,Oxfordshire,A34,Major,A415,A4183,450120,200000,51.69651983,-1.27623531,4.60,2.86,0,16,1602,2,319,48,10,24,15,52,67,216,2155
6363,N,2017,2017-10-09,9,9,"South East",142,Oxfordshire,A34,Major,A415,A4183,450120,200000,51.69651983,-1.27623531,4.60,2.86,0,11,1406,15,298,54,11,22,7,92,77,263,1993
6363,N,2017,2017-10-09,10,9,"South East",142,Oxfordshire,A34,Major,A415,A4183,450120,200000,51.69651983,-1.27623531,4.60,2.86,0,6,1349,6,316,54,20,28,9,75,93,279,1956
6363,N,2017,2017-10-09,11,9,"South East",142,Oxfordshire,A34,Major,A415,A4183,450120,200000,51.69651983,-1.27623531,4.60,2.86,0,8,1442,13,282,51,27,11,10,73,88,260,2005
6363,N,2017,2017-10-09,12,9,"South East",142,Oxfordshire,A34,Major,A415,A4183,450120,200000,51.69651983,-1.27623531,4.60,2.86,0,6,1382,10,335,57,20,19,10,105,77,288,2021
6363,N,2017,2017-10-09,13,9,"South East",142,Oxfordshire,A34,Major,A415,A4183,450120,200000,51.69651983,-1.27623531,4.60,2.86,0,2,1206,2,264,69,23,21,4,97,69,283,1757
6363,N,2017,2017-10-09,14,9,"South East",142,Oxfordshire,A34,Major,A415,A4183,450120,200000,51.69651983,-1.27623531,4.60,2.86,0,5,1139,1,332,68,9,15,11,113,50,266,1743
6363,N,2017,2017-10-09,15,9,"South East",142,Oxfordshire,A34,Major,A415,A4183,450120,200000,51.69651983,-1.27623531,4.60,2.86,0,4,1290,7,330,60,16,18,12,124,85,315,1946
6363,N,2017,2017-10-09,16,9,"South East",142,Oxfordshire,A34,Major,A415,A4183,450120,200000,51.69651983,-1.27623531,4.60,2.86,0,10,1698,10,360,43,5,6,8,110,68,240,2318
6363,N,2017,2017-10-09,17,9,"South East",142,Oxfordshire,A34,Major,A415,A4183,450120,200000,51.69651983,-1.27623531,4.60,2.86,0,12,1861,5,181,18,4,2,12,55,76,167,2226
6363,N,2017,2017-10-09,18,9,"South East",142,Oxfordshire,A34,Major,A415,A4183,450120,200000,51.69651983,-1.27623531,4.60,2.86,0,10,1416,1,129,19,4,1,8,77,64,173,1729
6363,S,2017,2017-10-09,7,9,"South East",142,Oxfordshire,A34,Major,A415,A4183,450120,200000,51.69651983,-1.27623531,4.60,2.86,0,7,1735,4,494,69,18,28,10,34,53,212,2452
6363,S,2017,2017-10-09,8,9,"South East",142,Oxfordshire,A34,Major,A415,A4183,450120,200000,51.69651983,-1.27623531,4.60,2.86,0,13,1727,12,408,58,24,16,8,63,67,236,2396
6363,S,2017,2017-10-09,9,9,"South East",142,Oxfordshire,A34,Major,A415,A4183,450120,200000,51.69651983,-1.27623531,4.60,2.86,0,8,1397,11,427,73,15,15,15,96,119,333,2176
6363,S,2017,2017-10-09,10,9,"South East",142,Oxfordshire,A34,Major,A415,A4183,450120,200000,51.69651983,-1.27623531,4.60,2.86,0,7,1186,10,336,65,23,34,20,98,74,314,1853
6363,S,2017,2017-10-09,11,9,"South East",142,Oxfordshire,A34,Major,A415,A4183,450120,200000,51.69651983,-1.27623531,4.60,2.86,0,3,1205,9,366,71,17,21,23,111,106,349,1932
6363,S,2017,2017-10-09,12,9,"South East",142,Oxfordshire,A34,Major,A415,A4183,450120,200000,51.69651983,-1.27623531,4.60,2.86,0,2,1155,22,315,59,18,18,26,82,58,261,1755
6363,S,2017,2017-10-09,13,9,"South East",142,Oxfordshire,A34,Major,A415,A4183,450120,200000,51.69651983,-1.27623531,4.60,2.86,0,10,1224,13,317,50,15,16,20,108,83,292,1856
6363,S,2017,2017-10-09,14,9,"South East",142,Oxfordshire,A34,Major,A415,A4183,450120,200000,51.69651983,-1.27623531,4.60,2.86,0,4,1347,24,361,56,10,25,13,111,79,294,2030
6363,S,2017,2017-10-09,15,9,"South East",142,Oxfordshire,A34,Major,A415,A4183,450120,200000,51.69651983,-1.27623531,4.60,2.86,0,9,1370,19,418,62,8,12,8,85,95,270,2086
6363,S,2017,2017-10-09,16,9,"South East",142,Oxfordshire,A34,Major,A415,A4183,450120,200000,51.69651983,-1.27623531,4.60,2.86,0,18,1836,4,404,52,6,6,14,90,71,239,2501
6363,S,2017,2017-10-09,17,9,"South East",142,Oxfordshire,A34,Major,A415,A4183,450120,200000,51.69651983,-1.27623531,4.60,2.86,0,20,1820,13,245,46,1,14,7,60,75,203,2301
6363,S,2017,2017-10-09,18,9,"South East",142,Oxfordshire,A34,Major,A415,A4183,450120,200000,51.69651983,-1.27623531,4.60,2.86,0,9,1566,6,179,16,1,1,8,74,66,166,1926
6363,S,2019,2019-04-29,13,9,"South East",142,Oxfordshire,A34,Major,A415,A4183,450120,200000,51.69651800,-1.27623530,4.60,2.86,0,5,1246,12,300,55,17,12,9,97,86,276,1839
6363,S,2019,2019-04-29,16,9,"South East",142,Oxfordshire,A34,Major,A415,A4183,450120,200000,51.69651800,-1.27623530,4.60,2.86,0,15,1853,7,398,50,5,5,5,84,87,236,2509
6363,N,2019,2019-04-29,16,9,"South East",142,Oxfordshire,A34,Major,A415,A4183,450120,200000,51.69651800,-1.27623530,4.60,2.86,0,11,1696,5,379,51,9,7,12,100,61,240,2331
6363,N,2019,2019-04-29,15,9,"South East",142,Oxfordshire,A34,Major,A415,A4183,450120,200000,51.69651800,-1.27623530,4.60,2.86,0,7,1327,10,352,51,13,8,16,108,68,264,1960
6363,S,2019,2019-04-29,12,9,"South East",142,Oxfordshire,A34,Major,A415,A4183,450120,200000,51.69651800,-1.27623530,4.60,2.86,0,8,1079,9,235,58,21,16,14,89,87,285,1616
6363,N,2019,2019-04-29,12,9,"South East",142,Oxfordshire,A34,Major,A415,A4183,450120,200000,51.69651800,-1.27623530,4.60,2.86,0,10,1209,3,338,76,11,14,9,101,62,273,1833
6363,N,2019,2019-04-29,8,9,"South East",142,Oxfordshire,A34,Major,A415,A4183,450120,200000,51.69651800,-1.27623530,4.60,2.86,0,23,1507,2,325,73,10,7,15,63,58,226,2083
6363,N,2019,2019-04-29,14,9,"South East",142,Oxfordshire,A34,Major,A415,A4183,450120,200000,51.69651800,-1.27623530,4.60,2.86,0,11,1190,2,343,96,9,21,17,109,78,330,1876
6363,S,2019,2019-04-29,7,9,"South East",142,Oxfordshire,A34,Major,A415,A4183,450120,200000,51.69651800,-1.27623530,4.60,2.86,0,11,1780,1,427,56,12,20,13,64,71,236,2455
6363,S,2019,2019-04-29,15,9,"South East",142,Oxfordshire,A34,Major,A415,A4183,450120,200000,51.69651800,-1.27623530,4.60,2.86,0,6,1518,9,322,56,8,10,11,75,63,223,2078
6363,S,2019,2019-04-29,9,9,"South East",142,Oxfordshire,A34,Major,A415,A4183,450120,200000,51.69651800,-1.27623530,4.60,2.86,0,5,1283,5,241,87,31,26,19,90,73,326,1860
6363,S,2019,2019-04-29,14,9,"South East",142,Oxfordshire,A34,Major,A415,A4183,450120,200000,51.69651800,-1.27623530,4.60,2.86,0,1,1198,15,265,34,7,8,11,79,46,185,1664
6363,S,2019,2019-04-29,18,9,"South East",142,Oxfordshire,A34,Major,A415,A4183,450120,200000,51.69651800,-1.27623530,4.60,2.86,0,18,1570,8,141,34,4,0,6,54,47,145,1882
6363,S,2019,2019-04-29,11,9,"South East",142,Oxfordshire,A34,Major,A415,A4183,450120,200000,51.69651800,-1.27623530,4.60,2.86,0,3,1248,6,256,44,19,16,18,107,98,302,1815
6363,N,2019,2019-04-29,18,9,"South East",142,Oxfordshire,A34,Major,A415,A4183,450120,200000,51.69651800,-1.27623530,4.60,2.86,0,19,1471,3,153,15,4,1,13,69,50,152,1798
6363,N,2019,2019-04-29,13,9,"South East",142,Oxfordshire,A34,Major,A415,A4183,450120,200000,51.69651800,-1.27623530,4.60,2.86,0,4,1197,6,379,105,10,14,11,105,66,311,1897
6363,N,2019,2019-04-29,10,9,"South East",142,Oxfordshire,A34,Major,A415,A4183,450120,200000,51.69651800,-1.27623530,4.60,2.86,0,11,1377,5,264,68,16,16,9,107,93,309,1966
6363,S,2019,2019-04-29,17,9,"South East",142,Oxfordshire,A34,Major,A415,A4183,450120,200000,51.69651800,-1.27623530,4.60,2.86,0,12,1997,5,374,32,7,4,6,73,76,198,2586
6363,N,2019,2019-04-29,17,9,"South East",142,Oxfordshire,A34,Major,A415,A4183,450120,200000,51.69651800,-1.27623530,4.60,2.86,0,19,1838,4,233,30,6,1,13,87,59,196,2290
6363,N,2019,2019-04-29,7,9,"South East",142,Oxfordshire,A34,Major,A415,A4183,450120,200000,51.69651800,-1.27623530,4.60,2.86,0,20,2128,3,494,59,14,17,10,65,84,249,2894
6363,N,2019,2019-04-29,11,9,"South East",142,Oxfordshire,A34,Major,A415,A4183,450120,200000,51.69651800,-1.27623530,4.60,2.86,0,6,1291,16,295,65,17,14,20,77,66,259,1867
6363,N,2019,2019-04-29,9,9,"South East",142,Oxfordshire,A34,Major,A415,A4183,450120,200000,51.69651800,-1.27623530,4.60,2.86,0,8,1488,6,408,52,14,18,13,127,63,287,2197
6363,S,2019,2019-04-29,8,9,"South East",142,Oxfordshire,A34,Major,A415,A4183,450120,200000,51.69651800,-1.27623530,4.60,2.86,0,13,2069,6,442,53,22,20,15,89,99,298,2828
6363,S,2019,2019-04-29,10,9,"South East",142,Oxfordshire,A34,Major,A415,A4183,450120,200000,51.69651800,-1.27623530,4.60,2.86,0,1,1183,9,310,65,25,21,7,84,106,308,1811
6363,S,2022,2022-06-27,11,9,"South East",142,Oxfordshire,A34,Major,A415,A4183,450120,200000,51.69651800,-1.27623530,4.60,2.86,0,12,1416,10,319,96,20,17,11,71,132,347,2104
6363,S,2022,2022-06-27,12,9,"South East",142,Oxfordshire,A34,Major,A415,A4183,450120,200000,51.69651800,-1.27623530,4.60,2.86,0,13,1298,9,300,79,6,11,11,83,160,350,1970
6363,S,2022,2022-06-27,13,9,"South East",142,Oxfordshire,A34,Major,A415,A4183,450120,200000,51.69651800,-1.27623530,4.60,2.86,0,5,1184,12,245,45,17,21,8,56,146,293,1739
6363,S,2022,2022-06-27,14,9,"South East",142,Oxfordshire,A34,Major,A415,A4183,450120,200000,51.69651800,-1.27623530,4.60,2.86,0,11,1463,9,336,59,9,22,9,44,181,324,2143
6363,S,2022,2022-06-27,15,9,"South East",142,Oxfordshire,A34,Major,A415,A4183,450120,200000,51.69651800,-1.27623530,4.60,2.86,0,21,1505,9,396,51,15,17,3,52,148,286,2217
6363,S,2022,2022-06-27,16,9,"South East",142,Oxfordshire,A34,Major,A415,A4183,450120,200000,51.69651800,-1.27623530,4.60,2.86,0,19,1643,7,398,68,5,6,3,41,157,280,2347
6363,S,2022,2022-06-27,17,9,"South East",142,Oxfordshire,A34,Major,A415,A4183,450120,200000,51.69651800,-1.27623530,4.60,2.86,0,22,1775,12,290,47,3,1,10,60,90,211,2310
6363,S,2022,2022-06-27,18,9,"South East",142,Oxfordshire,A34,Major,A415,A4183,450120,200000,51.69651800,-1.27623530,4.60,2.86,0,9,1355,6,175,27,2,4,5,35,98,171,1716
6363,N,2022,2022-06-27,7,9,"South East",142,Oxfordshire,A34,Major,A415,A4183,450120,200000,51.69651800,-1.27623530,4.60,2.86,0,20,1666,5,584,84,10,22,8,36,132,292,2567
6363,N,2022,2022-06-27,8,9,"South East",142,Oxfordshire,A34,Major,A415,A4183,450120,200000,51.69651800,-1.27623530,4.60,2.86,0,15,1455,11,389,76,8,29,17,46,129,305,2175
6363,N,2022,2022-06-27,9,9,"South East",142,Oxfordshire,A34,Major,A415,A4183,450120,200000,51.69651800,-1.27623530,4.60,2.86,0,2,1356,8,328,102,11,22,12,48,132,327,2021
6363,N,2022,2022-06-27,10,9,"South East",142,Oxfordshire,A34,Major,A415,A4183,450120,200000,51.69651800,-1.27623530,4.60,2.86,0,4,1440,10,294,86,9,18,20,40,140,313,2061
6363,N,2022,2022-06-27,11,9,"South East",142,Oxfordshire,A34,Major,A415,A4183,450120,200000,51.69651800,-1.27623530,4.60,2.86,0,7,1660,11,258,80,8,16,10,32,148,294,2230
6363,N,2022,2022-06-27,12,9,"South East",142,Oxfordshire,A34,Major,A415,A4183,450120,200000,51.69651800,-1.27623530,4.60,2.86,0,11,1663,9,327,96,7,10,12,36,162,323,2333
6363,N,2022,2022-06-27,13,9,"South East",142,Oxfordshire,A34,Major,A415,A4183,450120,200000,51.69651800,-1.27623530,4.60,2.86,0,9,1405,6,370,106,6,18,14,41,167,352,2142
6363,N,2022,2022-06-27,14,9,"South East",142,Oxfordshire,A34,Major,A415,A4183,450120,200000,51.69651800,-1.27623530,4.60,2.86,0,8,1282,6,360,100,9,18,7,35,160,329,1985
6363,N,2022,2022-06-27,15,9,"South East",142,Oxfordshire,A34,Major,A415,A4183,450120,200000,51.69651800,-1.27623530,4.60,2.86,0,20,1379,10,357,71,21,20,9,52,168,341,2107
6363,N,2022,2022-06-27,16,9,"South East",142,Oxfordshire,A34,Major,A415,A4183,450120,200000,51.69651800,-1.27623530,4.60,2.86,0,29,1578,13,413,59,15,7,13,38,155,287,2320
6363,N,2022,2022-06-27,17,9,"South East",142,Oxfordshire,A34,Major,A415,A4183,450120,200000,51.69651800,-1.27623530,4.60,2.86,0,65,1729,13,294,52,8,3,11,40,127,241,2342
6363,N,2022,2022-06-27,18,9,"South East",142,Oxfordshire,A34,Major,A415,A4183,450120,200000,51.69651800,-1.27623530,4.60,2.86,0,57,1364,7,168,36,4,2,8,32,101,183,1779
6363,S,2022,2022-06-27,7,9,"South East",142,Oxfordshire,A34,Major,A415,A4183,450120,200000,51.69651800,-1.27623530,4.60,2.86,0,14,1336,5,530,99,11,10,12,54,91,277,2162
6363,S,2022,2022-06-27,8,9,"South East",142,Oxfordshire,A34,Major,A415,A4183,450120,200000,51.69651800,-1.27623530,4.60,2.86,0,7,1624,8,490,95,23,13,11,70,129,341,2470
6363,S,2022,2022-06-27,9,9,"South East",142,Oxfordshire,A34,Major,A415,A4183,450120,200000,51.69651800,-1.27623530,4.60,2.86,0,4,1290,15,425,120,27,14,17,71,136,385,2119
6363,S,2022,2022-06-27,10,9,"South East",142,Oxfordshire,A34,Major,A415,A4183,450120,200000,51.69651800,-1.27623530,4.60,2.86,0,7,1298,10,355,96,11,22,11,72,125,337,2007
